artist,album,track,uri
Hamza,Sincèrement,Codéine 19,spotify:track:3Q8qW4OUBQWLZaNLR9TxFr
Phoebe Bridgers,Stranger in the Alps,Motion Sickness,spotify:track:25Syi9wnfn6ZGAmiOBypPq
Alvaro Diaz,SAYONARA,GATITAS SANDUNGUERAS - VOL.1,spotify:track:6BpZpCM8d8FJnVnr1IbnFL
Nimco Happy,"Geeri Doonte Maanta Aan Go,o","Geeri Doonte Maanta Aan Go,o",spotify:track:4c8ROJi7fzgYfqJlAM5kJL
mikeeysmind,Molly,Molly,spotify:track:5aanvdCyGuKOf48It66i61
The Neighbourhood,Wiped Out!,Daddy Issues,spotify:track:5E30LdtzQTGqRvNd7l6kG5
Rihanna,ANTI,Work,spotify:track:72TFWvU3wUYdUuxejTTIzt
The Neighbourhood,I Love You.,Sweater Weather,spotify:track:2QjOHCTQ1Jl3zawyYOpxh6
Filthy Blondes,Filthy Blondes,Berlin,spotify:track:4jKelCJZCWqEFlKnfHMuBM
One True God,Devotion,Devotion,spotify:track:6UxamX8NLRrQzIb17xQ7vW
Vundabar,Gawk,Alien Blues,spotify:track:11iIikXxC6NP0Ma8vMD27x
cupcakKe,Cum Cake,Deepthroat,spotify:track:5cXtT63OTadsjqfRkm5Dwd
Aminé,Squeeze,Squeeze,spotify:track:7faL4ndjhVRRX2avbPxLzg
Akalé Wubé,Sost,Ashewa,spotify:track:7e0qpb6qxcKNhwW8T1373u
Slayyyter,Daddy AF,Daddy AF,spotify:track:5Pj9iXYfe607U62YwSF5rC
Sababa 5,Kokoro,Nasnusa,spotify:track:4uAdIp8jiEhlEO6Go6A9as
Dua Lipa,Dance The Night (From Barbie The Album),Dance The Night - From Barbie The Album,spotify:track:1vYXt7VSjH9JIM5oRRo7vA
"Tyler, The Creator",Cherry Bomb + Instrumentals,FIND YOUR WINGS - Instrumental,spotify:track:3xLUgT2u1LGSFAI1hFSNJz
Akalé Wubé,Sost,Kidus à cent dix,spotify:track:5eHUFHBBKc9xgtRHumyNKD
Cassie,Cassie,Me & U,spotify:track:7k6IzwMGpxnRghE7YosnXT
Still Woozy,Rocky,Rocky,spotify:track:5uDohC8URXwbGiHAMuKGoa
Abhi The Nomad,Marbled,Sex n' Drugs,spotify:track:0MwMwvl0IVPgLAeXyeVBi1
Mar Porter,WHAAT!,You & Me,spotify:track:5Nvm9h5Y8XXpmUKnzLsRGU
Kali Uchis,Por Vida,Lottery,spotify:track:4atsB8EjUKY1kWg8KVag9h
Wallows,A Warning,A Warning,spotify:track:2Ir5eVuUM96WvyyZmDTIBX
Anass Marbouh,Love NwanTiti,Love NwanTiti - Slowed,spotify:track:7pOeP12EVxNMG55hhgpynP
Juniore,Marabout,Mon autre,spotify:track:1NKZvJ6bx9YjW3CL26eIBE
Filthy Blondes,Filthy Blondes,Denied from College / Instagram Celebrity,spotify:track:18qXgQpgEMibcyk4rVpDS4
Duckwrth,Crush,Crush,spotify:track:3aUviSdBVbsdmH406j5GZC
Zara Larsson,So Good,Lush Life,spotify:track:1rIKgCH4H52lrvDcz50hS8
TEMPOREX,Care,Nice Boys,spotify:track:5H2WmzaijYOGTHeHdM3w9P
Emily James,The aFtErMaTh,Song for Bryan,spotify:track:1Zz2KQlUM095ZSgtIYTJsm
Filthy Blondes,Filthy Blondes,Window,spotify:track:4UgvOatLAolWisD3Ekwv7E
Mac Miller,K.I.D.S.,The Spins,spotify:track:7FAFkQQZFeNwOFzTrSDFIh
Nafeesisboujee,spin u round,spin u round,spotify:track:1pBm0kI4Z31jUYIwb9m8tK
SZA,SOS Deluxe: LANA,BMF,spotify:track:3U3hFkMr0Q90pD24EkE3Pr
PinkPantheress,to hell with it,I Must Apologise,spotify:track:2rrq3SGYxk90xLx5fMmPhZ
Joey Bada$$,Love Is Only a Feeling,Love Is Only a Feeling,spotify:track:7umZiitjVsEjMQ6HNddpUI
Mr Pilato,"Biri Marung (Edit) (feat. Sje Konka, Focalistic, DJ Maphorisa, Scotts Maphuma & CowBoii)","Biri Marung (Edit) (feat. Sje Konka, Focalistic, DJ Maphorisa, Scotts Maphuma & CowBoii)",spotify:track:44Z9yOoNfCafT8nPZCimMs
Bulin 47,Lava Urbana 2018,Rapidito,spotify:track:24xjiVlidLDSP4myhRMT6Z
PinkPantheress,Heaven knows,Mosquito,spotify:track:3DrkYwyu8QqZQ05r2gGqHi
Aminé,ONEPOINTFIVE,STFU2,spotify:track:05tCaHe9yHLjO2qnXScDNV
Jordan Adetunji,KEHLANI,KEHLANI,spotify:track:0izPpjfwsu2DuzWGqsABkT
Max Leonard,LACES,LACES,spotify:track:37fGc0pWZjHZtHQ6E6tczn
KAYTRAMINÉ,KAYTRAMINÉ,4EVA,spotify:track:2sUImfbz5cpAW50SiQla4h
Akalé Wubé,Sost,Addis Abèba Bété,spotify:track:3wnibNA70t1gxpVuTSNDLI
Kendrick Lamar,GNX,heart pt. 6,spotify:track:1SGvjfc85yzqKXsfKcCxn2
Frank Sativa,Sunset Demo,Tangerine,spotify:track:16ZFRxfzSEyjBtGSX8JzWj
Mac Miller,K.I.D.S.,Knock Knock,spotify:track:46wojTgyEs6lbgaWB6yIuz
El Alfa,Chu Chu Pamela,Chu Chu Pamela,spotify:track:14pr9SjxdNW8ZGU9GdZGLh
Aminé,Good For You,Slide,spotify:track:0GS2K1xle0UpcAWa3u4BnG
Empire Of The Sun,Walking On A Dream,We Are The People,spotify:track:3zEN0ii6s4DHHBpnTp3RP7
Vansire,Angel Youth,From the Subway Train,spotify:track:0qOCy2LqvdkMora7eZsJhQ
Plan B,Frikitona,Frikitona,spotify:track:5JDjxO6F0RrLkzAdIOG6P3
Ella Mai,READY,Makes Me Wonder,spotify:track:4zwZhQnqJTr1rQ9wRY3nNr
J Hus,Who Told You (feat. Drake),Who Told You (feat. Drake),spotify:track:40EXFgNMOIQRQOwJZ8mJkC
marQ,Farewell,Farewell,spotify:track:3mWKEdqCgor8oNb7jptVBX
Megan Thee Stallion,MEGAN,Mamushi (feat. Yuki Chiba),spotify:track:5b3XJ1pjrHO5JtY2PcTjnI
Frank Ocean,Lens,Lens,spotify:track:371H6HjS4SXGbQ9IVfFUIL
Javi Vera,GOODLUCK,GOODLUCK,spotify:track:0spOVkqsvqiZM38neP4C3i
The Weeknd,Starboy,Reminder,spotify:track:3IU6xbfNZosvTdRrGs8b2u
UMI,Balance,Ordinary,spotify:track:5Xhsf1DLA9j2pVyCbqjkLh
Bad Bunny,Un Verano Sin Ti,Tití Me Preguntó,spotify:track:1IHWl5LamUGEuP4ozKQSXZ
brb.,move,move,spotify:track:2Ryp5LkAWyJwRqoFd8N7Kk
Amaarae,SAD GIRLZ LUV MONEY Remix (feat. Kali Uchis and Moliy),SAD GIRLZ LUV MONEY Remix (feat. Kali Uchis and Moliy),spotify:track:09gysnJpfQ3ublBmJDfcEC
Kanye West,The Life Of Pablo,Father Stretch My Hands Pt. 1,spotify:track:4KW1lqgSr8TKrvBII0Brf8
Rema,Woman,Woman,spotify:track:62N0RkCCs4XQXk7hgnpOXo
The Weeknd,"My Dear Melancholy,",Call Out My Name,spotify:track:09mEdoA6zrmBPgTEN5qXmN
Mac Miller,The Divine Feminine,Soulmate,spotify:track:2puHJmjL4jvO19aEA7kzcb
Mitski,Laurel Hell,Should've Been Me,spotify:track:5FQ9NDyx3KZXhovWWq4Gxo
Kali Uchis,ORQUÍDEAS,Labios Mordidos (with KAROL G),spotify:track:5ycn8M0WNGedabDuaH9mQT
Chris Lake,A Drug From God,A Drug From God,spotify:track:4skbQNtyjy8A7mo8oqe2oD
Kanye West,Yeezus,Bound 2,spotify:track:3sNVsP50132BTNlImLx70i
KAYTRANADA,BUBBA,Vex Oh feat. GoldLink & Ari PenSmith,spotify:track:4n358XQMHXd0xi6NazWdxr
Doechii,Alter Ego (with JT),Alter Ego (with JT),spotify:track:2xaaJcmvMOmpDbTwlWnjFh
Cautious Clay,Tokyo Lift (5am),Tokyo Lift (5am),spotify:track:3nNHdtE7GDHCBwt6mA1D4M
The Marías,Submarine,Run Your Mouth,spotify:track:19fKJrO9XdOf6Xla2QHecO
Hassan Abou Seoud,The Soul of Bellydance,Shik Shak Shok,spotify:track:3GOw7QSPfyAiEpdmljNR79
EKKSTACY,i walk this earth all by myself,i walk this earth all by myself,spotify:track:5a8QUc4ubHJqQm7vzs2YhA
piri & tommy,Beach House & EDM Lounge,on & on,spotify:track:1TuhfxGcLz0UZLWJVOd1ru
Filthy Blondes,Filthy Blondes,Cocaine,spotify:track:0klELOyrreL6YprkC7B0wj
SZA,Ctrl,Normal Girl,spotify:track:5fQBa4wkmq28xpSLOQ202K
"Tyler, The Creator",Cherry Bomb + Instrumentals,"FUCKING YOUNG / PERFECT (feat. Charlie Wilson, Chaz Bundick, Sydney Bennett & Kali Uchis)",spotify:track:6738dceRZVHz8VumfBH7aI
Tinashe,Quantum Baby,No Broke Boys,spotify:track:5yTYLJY7Atcew0MHm7bmjk
Drake,If You're Reading This It's Too Late,Energy,spotify:track:79XrkTOfV1AqySNjVlygpW
Julien Doré,Chou Wasabi (feat. Micky Green),Chou Wasabi (feat. Micky Green) - Radio Edit,spotify:track:1z2LJvcMcvzy0dLUE4APSo
Lapili,Piligrossa,Dirty Diabla,spotify:track:7KeVNeviSODgn78nCY3r1W
Alonzo,Capo Dei Capi,Elle t’a tué,spotify:track:0gfQf6PBw6aPv6GVwfTSIj
Bizzey,Traag,Traag,spotify:track:26rVJH5zUQ7Yihz6c850Sn
Kali Uchis,ORQUÍDEAS,Diosa,spotify:track:3RleMgz4iO0BNezGdSxDnY
Kali Uchis,Isolation,Tyrant (feat. Jorja Smith),spotify:track:4FZOSDwALdWxcGcRbwXWJ8
Dylan Fuentes,báilame en los besos (with Danny Ocean & Daramola),báilame en los besos (with Danny Ocean & Daramola),spotify:track:2Ux9T8N2b0GRTOSfenwxlr
Future,WE STILL DON'T TRUST YOU,We Still Don't Trust You,spotify:track:7sVbKoBdhXtYCEOO6qC1SN
Luna Luna,Flower Moon,Golden,spotify:track:610tIflXZsTZYl8qdWoAo2
Taylor Swift,1989,Style,spotify:track:4lIxdJw6W3Fg4vUIYCB0S5
Wallows,Drunk on Halloween,Drunk on Halloween,spotify:track:0z9dPcBhJvqO06QMaKelUE
Billie Eilish,HIT ME HARD AND SOFT,THE DINER,spotify:track:1LLUoftvmTjVNBHZoQyveF
killkiyoshi,SAME SHIT,SAME SHIT,spotify:track:10CD2XL6jr61GJnACYwqkh
marQ,Oh Yeah,Oh Yeah,spotify:track:0CRi2gwIqQAPHvrBrs1KnP
Nathanie,BPM,BPM,spotify:track:1vTZMKaN1xeyqDsBqpGaiy
Alejo,Un Poquito,Un Poquito,spotify:track:1nU4sOQqqhFUqS0TiRlD0V
фрози,kompa pasión,kompa pasión,spotify:track:1EwIdgeVfiXTIDfFHpgqfI
Billie Eilish,HIT ME HARD AND SOFT,BLUE,spotify:track:2prqm9sPLj10B4Wg0wE5x9
Kendrick Lamar,untitled unmastered.,untitled 08 | 09.06.2014.,spotify:track:5bBUDJUfGcG7eFy3Bf4fXv
Esaam Satti,أهل العمار (feat. Ali Naseraldeen),أهل العمار (feat. Ali Naseraldeen),spotify:track:1poqei4HbPw5lN3UL1rWKv
Aminé,Good For You,Hero,spotify:track:7yQ2NWAIeDcIEauyVG5lck
Amaarae,Fountain Baby,Princess Going Digital,spotify:track:6KS5iyM4uDuJ6oAacMSXha
Bryson Gray,Maga Ain't Got No Color,Trump Is Your President,spotify:track:3PdQfXbIuEjUoNlCy6JQCM
HONNE,Warm on a Cold Night (feat. Aminé),Warm on a Cold Night (feat. Aminé),spotify:track:1MYK39bbxvYX0LzS30mlqU
Clairo,Immunity,Bags,spotify:track:6UFivO2zqqPFPoQYsEMuCc
Chance the Rapper,Coloring Book,No Problem (feat. Lil Wayne & 2 Chainz),spotify:track:0v9Wz8o0BT8DU38R4ddjeH
Sabrina Carpenter,emails i can't send,Nonsense,spotify:track:6dgUya35uo964z7GZXM07g
Malcolm Todd,Sweet Boy,New Friends (feat. Eem Triplin),spotify:track:6dc1efEhnYMzVwz05VY4ZP
The Weeknd,Beauty Behind The Madness,Tell Your Friends,spotify:track:1mhVXWduD8ReDwusfaHNwU
Kodak Black,No Flockin',No Flockin',spotify:track:34oWbFBfGEElvgO0a5c9V4
Leon Thomas,MUTT,MUTT,spotify:track:2uvE4L5ZsYKpv8hbK4TIOt
Wallows,Nothing Happens,Scrawny,spotify:track:1pNUmVxDiE8t6P1XxcZAv8
Malcolm Todd,Demos Before Prom,Hesitating,spotify:track:5Tz5c3dEZVT1Bj3sILyuGS
RIMON,BBYGIRL FOCU$,sugarcoated love,spotify:track:1cNJFRMqrc87DD4hqfVehj
Timba JD,قولي ليه,قولي ليه,spotify:track:7hlkjrFlkTUrC9SgJDe9HF
21 Savage,SAVAGE MODE II,Many Men,spotify:track:3CDVMejYHnB1SkEEx0T1N4
V.I.C.,Beast,Wobble,spotify:track:6JLcz9UGiVxAmEZXlCucn5
Gunna,DS4EVER,pushin P (feat. Young Thug),spotify:track:3LnpBazWpD31QMTn6LgVGv
Montell Fish,2 seater,2 seater,spotify:track:3hU9W3drI6DjpQnvx53osT
Still Woozy,"If This Isn’t Nice, I Don’t Know What Is",Window,spotify:track:42Fm8hxhh8i0Zx0Si7XIxd
JABiD,JABiD atini ala tawahini جبد أعطيني على طواحيني,Caramela Sexy Lady كرملة السكسي ليدي,spotify:track:3dRHSSgnvbJDXJ3Fz4X1mQ
Ella Mai,Trip,Trip,spotify:track:7noud145AHZGg74vpWOsCa
Arctic Monkeys,AM,I Wanna Be Yours,spotify:track:5XeFesFbtLpXzIVDNQP22n
RIMON,BBYGIRL FOCU$,dust,spotify:track:1kR2AzyFnBVzKIjjgMftoO
Naira Marley,Soapy,Soapy,spotify:track:1SlqJxitLASHinl3X0Mvkn
J Balvin,Mi Gente,Mi Gente,spotify:track:4ipnJyDU3Lq15qBAYNqlqK
Jennifer Lopez,Love?,On The Floor,spotify:track:3C0nOe05EIt1390bVABLyN
Vacations,Changes,Telephones,spotify:track:0JIMT9gzLIIz0esKLyjbKf
Spencer.,Are U Down?,MyLuv,spotify:track:3ZY2Njwhu6BX89Srm0aNIb
Monsieur Periné,Caja de Música,Nuestra Canción,spotify:track:5reQI13tWWYDLMrGcUF4Mk
Denden,Ils se demandent,Ils se demandent,spotify:track:4Bqa1dZPJfHKRfUVRLsSW1
Miguel,All I Want Is You,Sure Thing,spotify:track:0JXXNGljqupsJaZsgSbMZV
beabadoobee,This Is How Tomorrow Moves,Beaches,spotify:track:1a19jsjG2DvbN1fVJonKUU
Wizkid,Sounds From The Other Side,Daddy Yo,spotify:track:2hKLu5akQZ9BbrCQVXM2cZ
¿Téo?,Sol,¿Do U Wanna Leave?,spotify:track:4UMlOal99bl0eYODbT7gYt
Sabrina Carpenter,Short n' Sweet,Don’t Smile,spotify:track:09LrGvT9KsACH66RHYMDyR
The Marías,Cariño,Cariño,spotify:track:55DyBUkjebkcYhDGfEXitR
фрози,Afro Jazz,Afro Jazz,spotify:track:1XoSxbGeItsxcv5RCMWucE
Khalid,Coaster,Coaster,spotify:track:7xSNmARgtbYjg9KqB4QA8P
Drake,More Life,Passionfruit,spotify:track:5mCPDVBb16L4XQwDdbRUpz
Chappell Roan,"Good Luck, Babe!","Good Luck, Babe!",spotify:track:0WbMK4wrZ1wFSty9F7FCgu
Kanye West,Graduation,Flashing Lights,spotify:track:4lS5zzdpzIGvgXtw9tVRW9
Lil Baby,Street Gossip,Pure Cocaine,spotify:track:577YBGuskWkVDCxZrLRB4v
underscores,Wallsocket,Johnny johnny johnny,spotify:track:60qaApzoNFsAXhhPc5zDxh
Rema,Soundgasm,Soundgasm - Dj Yo! X Max Wallin’ Remix,spotify:track:3f2VB4c1gPsz5dC9h2qMcS
Aminé,Good For You,Turf,spotify:track:6ODTw5ivAheWBql4tCiNkl
JVKE,this is what falling in love feels like,this is what falling in love feels like,spotify:track:4UG2Fm0E98LhE2dlNxiAXx
Odetari,GMFU (w/ 6arelyhuman),GMFU (w/ 6arelyhuman),spotify:track:4D1k6x4MXTaSnljSvAXhaf
PinkPantheress,Passion,Passion,spotify:track:6ZJqCviTotiIujl1rfcL53
Aminé,Good For You,Beach Boy,spotify:track:1jNyxG5S2P9gztbfAnrq85
Mishaal Tamer,ITTY BITTY,ITTY BITTY,spotify:track:0pcvgRYZOEujTeQIe4LUVj
midnight Berlin,Move,Move,spotify:track:1XHDV6SXCnyKKlp2KM8vHo
Burna Boy,I Told Them...,City Boys,spotify:track:4RoKNqyZ9622tcAeNPNv5k
natori,Overdose,Overdose,spotify:track:2Dzzhb1oV5ckgOjWZLraIB
kiki wera,Pool,Pool,spotify:track:0NluM9IZaakqiVPY8CyvlZ
Lunay,Soltera (Remix),Soltera (Remix),spotify:track:1c0hsvHLELX6y8qymnpLKL
Far East Movement,Free Wired,Like A G6,spotify:track:4DvhkX2ic4zWkQeWMwQ2qf
Lana Del Rey,Ultraviolence,Sad Girl,spotify:track:11MyiSGZSYSmhhqwGUTtAq
Kabusa Oriental Choir,Soso,Soso,spotify:track:0898mJTnW06D7PZyduQMvO
DNCE,DNCE,Cake By The Ocean,spotify:track:76hfruVvmfQbw0eYn1nmeC
BROCKHAMPTON,iridescence,TONYA,spotify:track:0QV83q2vzzOM4uODVyXf7i
Rema,Soundgasm,Soundgasm,spotify:track:5c549LWiKCWGvcDsZwMN6v
Zack Fox,Jesus Is The One (I Got Depression),Jesus Is The One (I Got Depression),spotify:track:1YR9iNGXtsbrd8deR9ULDD
Beach House,Depression Cherry,Space Song,spotify:track:7H0ya83CMmgFcOhw0UB6ow
The Weeknd,The Idol Episode 4,"One Of The Girls (with JENNIE, Lily Rose Depp)",spotify:track:7CyPwkp0oE8Ro9Dd5CUDjW
Ariana Grande,Dangerous Woman,Let Me Love You,spotify:track:49vZduMPCMnDDrl1WBxUDk
Bayou,Casablanca,Casablanca,spotify:track:7KUD0DCUG8JWYuI2Yu1lmR
A$AP Rocky,Sundress,Sundress,spotify:track:2aPTvyE09vUCRwVvj0I8WK
Spencer.,Automatic,Automatic,spotify:track:4hBNUgMmAm0lrMilgd4RVW
"Tyler, The Creator",CHROMAKOPIA,Like Him (feat. Lola Young),spotify:track:6jbYpRPTEFl1HFKHk1IC0m
ITALO SENA,Faz de Chicote,Faz de Chicote,spotify:track:3LSoo9OiPF4OQ3LQbyqXE0
H_art the Band,My Jaber (Friday) [feat. Brizy Annechild],My Jaber (Friday) [feat. Brizy Annechild],spotify:track:7dRp6RR4fv0tvp4fqwVIJ3
Dominic Fike,Sunburn,Pasture Child,spotify:track:5APPlPgagEAXjGLIizqSDS
Bea Miller,FEEL SOMETHING DIFFERENT,FEEL SOMETHING DIFFERENT,spotify:track:5Q4UX8hxcaJEtAE9RtsmSY
Aminé,Turf,Turf,spotify:track:2TGBmFcWHLsF68Pnk7MXZv
Childish Gambino,"""Awaken, My Love!""",Redbone,spotify:track:3kxfsdsCpFgN412fpnW85Y
Filthy Blondes,Filthy Blondes,Comedown,spotify:track:32XmVdRozMacGENGf721lm
Stan Getz,Getz/Gilberto,The Girl From Ipanema,spotify:track:7znjbX9XdoQayIrVNdd50Z
Aminé,Good For You,Dakota,spotify:track:45oGS3iHeT2cvkihSP7KzK
Kali Uchis,ORQUÍDEAS,Young Rich & In Love,spotify:track:2R6tflIwv19qoYxg5hYLVh
Gym Class Heroes,The Papercut Chronicles,Cupid's Chokehold / Breakfast in America,spotify:track:2Lhdl74nwwVGOE2Gv35QuK
Ella Mai,Time,A Thousand Times,spotify:track:3ZzKKSPEOIfaSqkZ0cwXtN
Remi Wolf,Photo ID (with Dominic Fike),Photo ID (with Dominic Fike),spotify:track:0RW1UL8w8rjQkaIaljaFc5
Nathanie,Sunscreen,Sunscreen,spotify:track:0W7xlf67zsK37ByIPR6bm8
Drake,Views,One Dance,spotify:track:1zi7xx7UVEFkmKfv06H8x0
Akalé Wubé,Sost,Meri Tekikil,spotify:track:335jjNvfPZU5Ir0iD3CnKT
Doja Cat,Paint The Town Red,Paint The Town Red,spotify:track:2IGMVunIBsBLtEQyoI1Mu7
Aminé,Campfire,Campfire,spotify:track:4U5ovGD4My7MOISvUEtYaf
Aminé,ONEPOINTFIVE,SHINE,spotify:track:1OWGLpptXlHLw1yibeHiHa
Blood Orange,Palo Alto (Music from the Motion Picture),Champagne Coast,spotify:track:2p8IJfP7f5A2FF9uR8hlss
Wizkid,Joro,Joro,spotify:track:3Yt1ovsh3v3VEzRuhI1TL5
Out of Luck,indie boy,indie boy,spotify:track:4yUTsXPpjYn7CjONeXFTo0
Arctic Monkeys,AM,Why'd You Only Call Me When You're High?,spotify:track:086myS9r57YsLbJpU0TgK9
Bad Bunny,Callaita,Callaita,spotify:track:2TH65lNHgvLxCKXM3apjxI
"Tyler, The Creator",Cherry Bomb + Instrumentals,THE BROWN STAINS OF DARKEESE LATIFAH PART 6-12 (REMIX) (feat. ScHoolboy Q),spotify:track:7E3FdWpPkWTCggsanYXj30
KAYTRANADA,99.9%,YOU'RE THE ONE,spotify:track:70kdJnm1X6eEM8DbWa8Mnc
Pink Floyd,The Dark Side of the Moon,Breathe (In the Air),spotify:track:2ctvdKmETyOzPb2GiJJT53
Justin Bieber,Purpose,Sorry,spotify:track:09CtPGIpYB4BrO8qb1RGsF
Bayanni,Bayanni,Ta Ta Ta,spotify:track:3rmqNsOiGqqvFNTmGlzl4R
Malcolm Todd,Sweet Boy,Roommates,spotify:track:5vPUv0xziXbV4lnWeVNXNq
Rubi Rose,Big Mouth,Big Mouth,spotify:track:3MPTswx7dlPqibY1ikZqgE
The Weeknd,Beauty Behind The Madness,Earned It (Fifty Shades Of Grey),spotify:track:4frLb7nWtsz2ymBE6k2GRP
SZA,SOS,Seek & Destroy,spotify:track:6eT2V7nKXyMf47TwPbtgAD
J Balvin,OASIS,COMO UN BEBÉ,spotify:track:7knLcYCOSaURD0d7HUULFM
Kali Uchis,Isolation,Your Teeth In My Neck,spotify:track:54IbnYEdA3ymfxv07WgN3b
Wizkid,"More Love, Less Ego",Slip N Slide (feat. Skillibeng & Shenseea),spotify:track:1w5cQpiBrPmwcIgRrz1Jcc
Malcolm Todd,4Me 4Me,4Me 4Me,spotify:track:07oVB2BTnBp1RBQ5gdbWLA
"Tyler, The Creator",Cherry Bomb + Instrumentals,"OKAGA, CA (feat. Alice Smith, Leon Ware & Clem Creevy)",spotify:track:3QZY1nrt8MKrlnotFwRwcm
Steve Lacy,C U Girl,C U Girl,spotify:track:6FBzhcfgGacfXF3AmtfEaX
Akalé Wubé,Sost,Fikratchin,spotify:track:25CT8DTP50tGRuzXwr2KmP
The Hails,He Seems Upset,Younger,spotify:track:6kE3BJhZYLIfGLQY2hSzaM
Kesha,We R Who We R,We R Who We R,spotify:track:7FeG6WaqNQ3Ua6M6YZTQ0F
Aminé,ONEPOINTFIVE,CANTU,spotify:track:3OzwuqlBU5IInWGKhIDhTq
Yung Filly,Grey,Grey,spotify:track:4Fuf1v4kPQ6RIvEGlUfvaq
PinkPantheress,Heaven knows,Another life (feat. Rema),spotify:track:1ljtQrsf55VCwjqXjro7Po
1999 WRITE THE FUTURE,hella (˃̣̣̥╭╮˂̣̣̥) ✧ ♡ ‧º·˚,SPIKY BOiz,spotify:track:6VY0e7CeU2vb3hgU9X5eDR
Nicki Minaj,Pink Friday 2,Needle (feat. Drake),spotify:track:4I4G0LD277PWvfblYtSf91
Kali Uchis,Moonlight,Moonlight,spotify:track:2i2gDpKKWjvnRTOZRhaPh2
Clairo,Charm,Sexy to Someone,spotify:track:3awweDjWIuXNMogMClJnvE
Yung Hurn,1220,Eisblock,spotify:track:2khyQMO05KJtPMuHgdj5XR
PinkPantheress,Heaven knows,The aisle,spotify:track:6SjxVgMjH3b3AI4wVviZfi
Chance the Rapper,Coloring Book,All We Got (feat. Kanye West & Chicago Children's Choir),spotify:track:3ZLyt2ndLFBh148XRYjYYZ
Cuco,Para Mi,Bossa No Sé (feat. Jean Carter),spotify:track:3kEsMLO3qUUwiXeCndsMIb
dacelynn,80's makeout session,80's makeout session,spotify:track:6iYCxsk2wgJhex5IUMyZE4
Spencer.,No Direction,No Direction,spotify:track:5QF5sgCiM0kuPaJyvCgotq
Khalil Harrison,Jealousy (feat. Leemckrazy & Ceeka RSA),Jealousy (feat. Leemckrazy & Ceeka RSA),spotify:track:6OGNF7mro80pMi5q1HhylS
Bayou,Egyptian Wifey,Egyptian Wifey,spotify:track:2XBEQM6MEQW0JCEhrsFQp1
Kesha,Warrior (Expanded Edition),Die Young,spotify:track:7EQGXaVSyEDsCWKmUcfpLk
"Tyler, The Creator",IGOR,EXACTLY WHAT YOU RUN FROM YOU END UP CHASING,spotify:track:5e4LIAQI0bClLazNf2gZV0
JT,Sideways,Sideways,spotify:track:5FwhprNsUarRkLXqBE8tK8
SZA,Good Days,Good Days,spotify:track:3YJJjQPAbDT7mGpX3WtQ9A
J Balvin,OASIS,QUE PRETENDES,spotify:track:25ZAibhr3bdlMCLmubZDVt
"Tyler, The Creator",Cherry Bomb + Instrumentals,FUCKING YOUNG / PERFECT - Instrumental,spotify:track:26jiz9ZZTRxYb0nnuWKyO0
Erykah Badu,But You Caint Use My Phone,I'll Call U Back,spotify:track:6zfVYM5Nne0EzpjzYfJKwp
Tyla,TYLA,On and On,spotify:track:2bBaAOsFVQfKwMAe4wVQb6
Darude,"Before the Storm, Special Edition",Sandstorm,spotify:track:6Sy9BUbgFse0n0LPA5lwy5
Lil Yachty,Lil Boat 2,NBAYOUNGBOAT,spotify:track:6K2anECyrckidwf5wxS78Q
Kali Uchis,Por Vida,Melting,spotify:track:2kSb3wYSOV996xA2NSmpck
Sam Smith,Dancing With A Stranger (with Normani),Dancing With A Stranger (with Normani),spotify:track:6Qs4SXO9dwPj5GKvVOv8Ki
Megan Thee Stallion,MEGAN,HISS,spotify:track:1a9dUxIQ2ehPH3992H9uPe
wave to earth,wave 0.01,bonfire,spotify:track:10gvzlGLv9gEgfHORWtc1C
Palmer,soft boy,soft boy,spotify:track:5ZXrAj7BsNa2ohTGYofVnk
KAYTRANADA,BUBBA,10% (feat. Kali Uchis),spotify:track:41SwdQIX8Hy2u6fuEDgvWr
Mac DeMarco,2,Freaking Out the Neighborhood,spotify:track:3HlK8txWAdtKMrbsqX40pl
Malcolm Todd,Sweet Boy,Earrings,spotify:track:0eAuGrXyGFYwur9ARUe7LJ
Wallows,Calling After Me,Calling After Me,spotify:track:2WGcpz55A2vrvh6foEGCNL
Rauw Alejandro,VICE VERSA,Cúrame,spotify:track:1FlL8ycld6uVDDyhV7P5FA
Burna Boy,"Love, Damini",Kilometre,spotify:track:03YUNUpazIbzwqJq2YSBvB
"Tyler, The Creator",Cherry Bomb + Instrumentals,BLOW MY LOAD - Instrumental,spotify:track:2J1ix1qlk9WjgQzV5gSpO7
Bea Miller,elated!,FEEL SOMETHING DIFFERENT,spotify:track:5STe0hPlbFwIk0OkjNRJLa
Sublime,Everything Under The Sun,Perfect World - Rarities Version,spotify:track:6QHLY8aRGTpAN0L3xUMCmP
"Tyler, The Creator",Cherry Bomb + Instrumentals,SMUCKERS (feat. Lil Wayne & Kanye West),spotify:track:3v6SdZsS8zR6Go257tldbB
Lyn Lapid,In My Mind,In My Mind,spotify:track:2W779g2UrRZtVdf3FcEOO1
BNXN,Fi Kan We Kan,Fi Kan We Kan,spotify:track:771KDfpsOtJPQmocQpMdkR
Sean Paul,The Trinity,Temperature,spotify:track:0k2GOhqsrxDTAbFFSdNJjT
Diana Lima,Ponto Para Terminar,Ponto Para Terminar,spotify:track:6S9nSgLTnk4Z0FpkTTjzv9
Aminé,ONEPOINTFIVE,HICCUP (feat. Gunna),spotify:track:4TaGhbUWsmOWrQt8w3sA9x
Drake,Fake Love,Fake Love,spotify:track:6NMNgWgEAzde5M8U3lc6FN
Blood Orange,Negro Swan,Charcoal Baby,spotify:track:3bBmpVl9rQKJsFFGLFilIS
Piero Piccioni,La Colonna Sonora Italiana: Piero Piccioni - Vol. 1,"Easy Lovers (From ""Camille 2000"")",spotify:track:52IDU97zPq79enz2vWhjrp
The Marías,If Only + No One Noticed,No One Noticed,spotify:track:40QmyP1PmvFYjs8CzYsXA7
Sophie Castillo,Call Me By Your Name,Call Me By Your Name,spotify:track:6FWxFrGQ9YboLvC8vvrT07
Lilithzplug,Meet The Lilithz,CLEARED - Remix,spotify:track:54L7uacUGRkvoLokUlNWfH
Arctic Monkeys,AM,R U Mine?,spotify:track:2AT8iROs4FQueDv2c8q2KE
Saweetie,Fast (Motion),Fast (Motion),spotify:track:7zEz7q43xjzbRSUar4yH3m
PinkPantheress,Heaven knows,Blue,spotify:track:0LsfA3w3zQh2fcN4XeHmSK
Girly Girl Productions,DEMURE,Girls Like Me,spotify:track:1RisOHhXPbVwepgxG4ZDPF
daydreamers,Call Me Up,Call Me Up,spotify:track:1E9T8kPAQV2zMSf0hz3K6A
Hamid Al Shaeri,The SLAM! Years: 1983 - 1988 (Habibi Funk 018),Ayonha,spotify:track:5HCTbcF18u5DcYNwEWWf3n
Piff Marti,Heartbeat,Heartbeat (You Fi Know),spotify:track:4Wqhuou0F3FFcEgxHLnsGJ
Jason Derulo,Talk Dirty,Talk Dirty (feat. 2 Chainz),spotify:track:6g6A7qNhTfUgOSH7ROOxTD
Rejjie Snow,Dear Annie,Egyptian Luvr (feat. Aminé and Dana Williams),spotify:track:6t8GevE5R0ciW06AujEXXr
Naji,Mona Lisa,Mona Lisa,spotify:track:5GUvXUx0GbyBKO2f8yQxFn
Villano Antillano,La Sustancia X,Kaleidoscópica,spotify:track:6M1qcLBhSBIDMmC9wprnLK
Aminé,Limbo,"Pressure In My Palms (feat. slowthai, Vince Staples)",spotify:track:2nWB8ZpA1lxulicEUzTQ6W
Lana Del Rey,Honeymoon,Art Deco,spotify:track:5jqNQZBwbZWQXPWfo0ygZF
"Tyler, The Creator",CALL ME IF YOU GET LOST,SWEET / I THOUGHT YOU WANTED TO DANCE (feat. Brent Faiyaz & Fana Hues),spotify:track:3EG9FJ0ToLfgnc1IG2Z1wz
"Tyler, The Creator",Cherry Bomb + Instrumentals,RUN - Instrumental,spotify:track:0JUwpmBTwaXjdMTCnI5eNX
GloRilla,Ehhthang Ehhthang,Bad Bih 4 Ya (feat. Boston Richey),spotify:track:6oXwnROJNUkozh28jT9O1V
Isaiah Falls,LUCKY ME,BUTTERFLIES,spotify:track:0quwQM9YgpwBsNnCyZ8aaA
GIVĒON,TAKE TIME,Like I Want You,spotify:track:6qBFSepqLCuh5tehehc1bd
Ravyn Lenae,Bird's Eye,Love Me Not,spotify:track:4WFgvKVfEhb3IUAFGrutTR
Malcolm Todd,Chest Pain (I Love),Chest Pain (I Love),spotify:track:3gPYoFtn70aTgl546XVSET
BETWEEN FRIENDS,we just need some time together,affection,spotify:track:4LyIHEDbAWDeKV0JbVZae9
هدي عربي,سوي كدا,سوي كدا,spotify:track:4vYOlnNVjEfuac7wqJiPbQ
Ashley Tisdale,Headstrong,He Said She Said,spotify:track:0jTTjg6q4jsd2RhuHwTvLj
Mac DeMarco,2,My Kind of Woman,spotify:track:6jgkEbmQ2F2onEqsEhiliL
Ingrid Laien,Tú Eres una Celosa Yo No Soy Celosa,Tú Eres una Celosa Yo No Soy Celosa,spotify:track:02l47wq9C1CKkJ6ibCf82k
Cigarettes After Sex,Cigarettes After Sex,Apocalypse,spotify:track:3AVrVz5rK8Hrqo9YGiVGN5
Hippo Campus,Landmark,Buttercup,spotify:track:6iCJCZqDJjmBxt07Oid6FI
PinkPantheress,Attracted To You,Attracted to You,spotify:track:4fPjI40ElIwJQ4DJJxSCOe
Jorja Smith,Be Honest (feat. Burna Boy),Be Honest (feat. Burna Boy),spotify:track:5pAbCxt9e3f81lOmjIXwzd
Arctic Monkeys,Favourite Worst Nightmare,505,spotify:track:58ge6dfP91o9oXMzq3XkIS
Kota the Friend,Birdie,Birdie,spotify:track:2X86YOI8gYMCaQsXjjPsGt
AUDREY NUNA,a liquid breakfast,Baby Blues,spotify:track:08tdFfSLp50Wv6HIcfH9YP
Alsarah & The Nubatones,Manara Remixed,3yan T3ban - Oddisee Remix,spotify:track:7EeDB0g4YmYP3y6JCRYe2p
Kendrick Lamar,"good kid, m.A.A.d city",Swimming Pools (Drank) - Extended Version,spotify:track:5ujh1I7NZH5agbwf7Hp8Hc
SZA,SOS,Snooze,spotify:track:4iZ4pt7kvcaH6Yo8UoZ4s2
CoryaYo,1995,1995,spotify:track:2ab3urJGKoO3xH9CvcqVyw
marQ,On & Off,On & Off,spotify:track:22Hss9mYx32zL6UHhl0kYq
RIMON,Grace,Grace,spotify:track:3JLzTwLuKBTcxrua5PeLfV
Steelix,Lay It Down,Lay It Down,spotify:track:3YvAFDgDpWIfjSPxlw12He
Frank Ocean,Blonde,Pink + White,spotify:track:3xKsf9qdS1CyvXSMEid6g8
Shoukrallah Ezz Eldin,Allalah Belil,Allalah Belil,spotify:track:2SeSqFTf1YRovamxvgpS1o
Asmara All Stars,Eritrea's Got Soul,Haki,spotify:track:00orD7AjHEwUCpoMqzHGRN
Aminé,ONEPOINTFIVE,SUGARPARENTS (feat. Rico Nasty),spotify:track:2WS2N8wgs9Drd5MNJLJxkf
Aminé,ONEPOINTFIVE,DR. WHOEVER,spotify:track:2qpX5WY7A7uLLLQfFpvRDK
"Tyler, The Creator",CHROMAKOPIA,"Sticky (feat. GloRilla, Sexyy Red & Lil Wayne)",spotify:track:3tFed7YsjGnIfxeLEQwx3R
Naughty Boy,Queer Dance Party 2023,La La La,spotify:track:01fAOI7ZLmw3xqfPYBP6Tl
H.E.R.,I Used To Know Her: The Prelude,As I Am,spotify:track:3LtnXdDD9VFBtHy5kmGILx
Lojay,Monalisa,Monalisa,spotify:track:3baPniPXS0iEII8rDUJdYP
Tai Verdes,how deep?,how deep?,spotify:track:0VcWp30A3hSJrPjdDEHeNE
Azealia Banks,Broke with Expensive Taste,Luxury,spotify:track:5BsGmbPJyupA70FlD7NtbS
Rex Orange County,Apricot Princess,4 Seasons,spotify:track:4fg2EzaeNhR2PWNGXbX18n
Mild High Club,Skiptracing,Skiptracing,spotify:track:6JZv5f9ufV0Uz7VbGpd2DL
Rema,Rave & Roses Ultra,Charm,spotify:track:1iBWjQ9af9NnUd5xnQDB3k
Ella Mai,CHANGE,Lay Up,spotify:track:2HP5Dm340OwFB0eTpEjusY
"Tyler, The Creator",Goblin,She,spotify:track:0SA0mMXWh23raZ6xzOCU2V
Miso,Slow Running,Slow Running,spotify:track:33cVecSipAUO7S6T1OCBty
Saint Motel,My Type EP,My Type,spotify:track:2Iq6HhIquO7JKr0KfTNLzU
Inhaler,It Won't Always Be Like This,It Won't Always Be Like This,spotify:track:61YcJKRn2y1si5jGc7LUIN
The Marías,Submarine,Paranoia,spotify:track:4gtIYSYu8u2ItBqrhCaChL
Dreamer Boy,Puppy Dog,Puppy Dog,spotify:track:13O36COxxWjcvc9r5Zsd1P
beabadoobee,Take A Bite,Take A Bite,spotify:track:7ddVpLW467CLYffbPRQNmH
Anubha Bajaj,Lamhey,Lamhey,spotify:track:5Z2GQ0eBKoatNYqbGayihP
Taylor Swift,folklore,august,spotify:track:3hUxzQpSfdDqwM3ZTFQY0K
Lana Del Rey,Lust For Life,White Mustang,spotify:track:6eygbzyL6hY8jFQTARDuo9
Kali Uchis,Sin Miedo (del Amor y Otros Demonios) ∞,telepatía,spotify:track:6tDDoYIxWvMLTdKpjFkc1B
Zahoor,Harkalay,Harkalay,spotify:track:4Z7C2MuZAG6zGiHfwwsNeK
Asake,Work Of Art,Mogbe,spotify:track:3YPtN5X0HxIzeRCHxfoXTy
Surf Curse,Disco,Disco,spotify:track:2Lumsra3kuU61wXkEKzKaK
almost monday,DIVE,can't slow down,spotify:track:15IF4wSCMrAo2Rq0eytARR
"Tyler, The Creator",Cherry Bomb + Instrumentals,BUFFALO - Instrumental,spotify:track:3mWdvkm8RbMr1d5Q2Jk4N5
Tessa Rae,Someone I Know,Someone I Know,spotify:track:4d3jSsvnQVyiWWPBji7f4y
ROSALÍA,MOTOMAMI,CHICKEN TERIYAKI,spotify:track:6hH6QJ9ZAO0Z6m7PfvLoXW
Sam Ezeh,CRISIS,CRISIS,spotify:track:43czZSFDYr2i6HDJw580n5
Kali Uchis,Red Moon In Venus,Fantasy (feat. Don Toliver),spotify:track:1dvqHhLNccePPBHq11TW7v
Wallows,Remote,Quarterback,spotify:track:2rd11sqko8mAhD4kNocAfs
Cam Rao,YOUUU,YOUUU,spotify:track:508XprekcQ62pm4xoQlsI2
Marshmello,ESTILAZO,ESTILAZO,spotify:track:3S6VRZQYwuPIllMmYdAj66
Eyedress,My Simple Jeep (feat. Mac DeMarco),My Simple Jeep (feat. Mac DeMarco),spotify:track:0ZpC3Exz0loDQahf1jPErB
Anbessa Orchestra,Anbessa Orchestra,Le'b,spotify:track:5SQ8V30JWynZFnCPeXuRDi
Adam Port,Move (feat. Camila Cabello & Malachiii),Move (feat. Camila Cabello & Malachiii),spotify:track:0scd3nh27AYTNXo0KHRmsG
Mac Miller,Circles,Surf,spotify:track:1kwnxJNVl7cwcU98RvMBaR
fadinglight,angels,angels,spotify:track:32W0oB4Gddcs1fZG6uEmDi
Eyedress,Mulholland Drive,Something About You,spotify:track:6RiiSy9GzSwiyDEJDiMuKe
SZA,Power is Power,Power is Power,spotify:track:35RDmXJ59YYGNlv1KfTGsP
Taylor Swift,Midnights,Karma,spotify:track:7KokYm8cMIXCsGVmUvKtqf
Hotel Ugly,Piggypink,Piggypink,spotify:track:7oe04qLMdQxHXhcGIfShXf
COIN,How Will You Know If You Never Try,Malibu 1992,spotify:track:0nMqu5vN44GNv8UOQxmBJK
Calvin Harris,One Kiss (with Dua Lipa),One Kiss (with Dua Lipa),spotify:track:7ef4DlsgrMEH11cDZd32M6
"Tyler, The Creator",Cherry Bomb + Instrumentals,PILOT - Instrumental,spotify:track:3qNiRhFYfEbuvWvzQQ5p7d
Malcolm Todd,Two New Malcolm Todd Songs,You Owe Me,spotify:track:0fVL6EBaQ2X12qQLiFgyg2
Emei,Late To The Party,Late To The Party,spotify:track:1rbpKQH9Ln0ySrOV3wtWV7
Aminé,Limbo,Can’t Decide,spotify:track:7xEVy3xCkmRSbYavgefnsI
The Marías,Hush,Hush - Still Woozy Remix,spotify:track:4dGuRldChjvboZktprNJFM
Crumb,Locket,Locket,spotify:track:0bxcUgWlOURkU6lZt4zog0
RIMON,BBYGIRL FOCU$,wherewasu,spotify:track:4vKaTCqqXgCLpWZgGLBGlg
Drake,More Life,Portland,spotify:track:2bjwRfXMk4uRgOD9IBYl9h
Wallows,Pleaser,Pleaser,spotify:track:11zf7m4vw9Ze7cer9Nyhk1
That Chick Angel,One Margarita (Margarita Song),One Margarita (Margarita Song),spotify:track:17Um25RxAOpc2NgtDiYKl9
Ella Mai,CHANGE,Down,spotify:track:1tQsStMyJ0tciJ5Z4MUg66
Sarah Hemi,Doki Doki,Petals,spotify:track:2YFFsewNjEoPOQ165oXL2v
Kanye West,Yeezus,Blood On The Leaves,spotify:track:42GcjriRK6srwHkfbkBqVl
"Tyler, The Creator",Cherry Bomb + Instrumentals,DEATHCAMP - Instrumental,spotify:track:4rD9WSFNt2LbhVcqZqa5rp
Ella Mai,Time,She Don't (feat. Ty Dolla $Ign),spotify:track:01JPQ87UHeGysPVwTqMJHK
¿Téo?,Luna,Magic Hour,spotify:track:6xHMi6HSt7yJvm3n81JZn6
Ella Mai,READY,Nobody Else,spotify:track:3UB8dFB7YYpIxmOytC5pnK
Macabre Plaza,Out With the Old in With the Taboo,A Bird's Last Look,spotify:track:4sys6H7gj0kgsa2bUx0IeW
Hailu Mergia,Wede Harer Guzo,Anchin Kfu Ayinkash,spotify:track:2YfRKF4sWeV1t1NqBoUgxH
Still Woozy,"If This Isn’t Nice, I Don’t Know What Is",Woopie,spotify:track:3vWAF1k5crNOR67wDdupxc
Alsarah & The Nubatones,Silt,Habibi Taal,spotify:track:4YNoMqHMhY4HYFVNbDKfUU
Nathanie,Dollar Sign,Dollar Sign,spotify:track:72bc7oKYnLXnumQTE53Lb0
Steve Lacy,Dark Red,Dark Red,spotify:track:3EaJDYHA0KnX88JvDhL9oa
Odeal,Coffee (Don't Read Signs),Coffee (Don't Read Signs),spotify:track:1EuIWfKgBys9A7mTAPm968
Ella Mai,"10,000 Hours","10,000 Hours",spotify:track:039cp1y6E9XmpTCso7cBRp
Sean Paul,Dutty Rock,Get Busy,spotify:track:6bK9BH9Ts8Gj5JFvnQkzak
Frank Ocean,Blonde,Seigfried,spotify:track:5SDmwAmdAtDG9kyGniVBKN
Lilithzplug,CLEARED - Remix (Slowed / Sped Up),CLEARED - Remix,spotify:track:2MxZySTQGz3KtKnbJx97oa
FKA twigs,CAPRISONGS,honda (feat. pa salieu),spotify:track:6kZsTttxl7h4BLGSRWQnTp
Natalia Lafourcade,"Musas (Un Homenaje al Folclore Latinoamericano en Manos de Los Macorinos, Vol. 1)",Soledad y el Mar (feat. Los Macorinos),spotify:track:1Xtz05nIgJiEYdncfd1w8h
Yaeji,raingurl,raingurl,spotify:track:4gRAniZdYF2zVrDUsNC9tU
Wallows,Nothing Happens,Remember When,spotify:track:5naar7XewEOAjOywIp6Jjq
Akalé Wubé,Sost,Mèmona,spotify:track:0W8xBwaTD7Tascm7USrYRP
J Balvin,Pop Efervescente Vol. 3,Azul,spotify:track:04ao9P1v2BACYCaCGU8XMK
bbno$,sriracha,sriracha,spotify:track:27uqXX6GcgnvzE2QzNaj4z
"Tyler, The Creator",Cherry Bomb + Instrumentals,KEEP DA O'S (feat. Pharrell Williams & Coco O.),spotify:track:0YOzUujSDOvSRahyn1Pkeb
"Tyler, The Creator",Cherry Bomb + Instrumentals,"OKAGA, CA - Instrumental",spotify:track:0wt8YgYZVAIi8OpVTB7PZ7
Ella Mai,READY,Breakfast In Bed,spotify:track:2j0FtLNpLPaSX9rKuIdBFH
Girly Girl Productions,DEMURE,10 Drunk Cigarettes,spotify:track:4sGabY0mSsrksGeaQAAY7v
Mac Miller,K.I.D.S.,The Spins,spotify:track:7BcOUi4FQ3wBLmNTW0yfCR
Baby Keem,The Melodic Blue,lost souls (with Brent Faiyaz),spotify:track:02rdXe0KhMe8p6ZHzYtuw0
Lana Del Rey,Music From Baz Luhrmann's Film The Great Gatsby,Young And Beautiful - DH Orchestral Version,spotify:track:5mhd20rH952SFPErYih36i
Tarkan,Ölürüm Sana,Şımarık,spotify:track:6vEL7E8TGzrxuxbrgdlkLL
BETWEEN FRIENDS,i like when you shine!,stay with it bby,spotify:track:6oufKQcnxdgNnY9rd4NcCb
Vayda,breeze,bingo,spotify:track:1jxB8bJcHFeMuKPHug1icD
Billie Eilish,HIT ME HARD AND SOFT,LUNCH,spotify:track:629DixmZGHc7ILtEntuiWE
Future,Life Is Good (feat. Drake),Life Is Good (feat. Drake),spotify:track:5yY9lUy8nbvjM1Uyo1Uqoc
Sarz,Happiness (feat. Asake & Gunna),Happiness (feat. Asake & Gunna),spotify:track:6rOqLUy3kp0PVQQEtNPpbQ
Sexyy Red,Fat Juicy & Wet,Fat Juicy & Wet,spotify:track:5M2lX0ZAYSAzCs1xPPi9BX
WAYNE FLENORY,SUPARO,SUPARO,spotify:track:1Di904lomBvS89EWnSpW6J
The Walters,I Love You So,I Love You So,spotify:track:4SqWKzw0CbA05TGszDgMlc
okayceci,feel u,feel u,spotify:track:5pm9nGzY5b5gp424c6iYZh
Filthy Blondes,Filthy Blondes,Pretty,spotify:track:2Bobs0aazmjo1KIng60uQC
marQ,Rhodie,My Lady,spotify:track:7cbDxm3LQZ9tqrOcdKc2Ko
Frank Ocean,channel ORANGE,Forrest Gump,spotify:track:4YZbVct8l9MnAVIROnLQdx
Troy Javelona,Love,Go Away,spotify:track:0qHYMTypzE560QUDwfMdfH
The Deli,Vibes 3,Flowers,spotify:track:6ugrRFZUNIpLiqhLUgC7ix
Waka Flocka Flame,Flockaveli,No Hands (feat. Roscoe Dash & Wale),spotify:track:03tqyYWC9Um2ZqU0ZN849H
Saber Rebai,Sidi Mansour,Sidi Mansour,spotify:track:6sNVx9BBrsA2IzwYSDfLOM
Caleb Belkin,Discography,I Fall in Love Too Easliy,spotify:track:4BGfM7Faj0dyEnSuaOw67j
City Girls,Girl Code,Act Up,spotify:track:3A2yGHWIzmGEIolwonU69h
Los del fino,Con una Prima Déjame Revisarte el Celular 2,Con una Prima Déjame Revisarte el Celular 2,spotify:track:42OhR2WtPqzjPqLslCiZJc
Sabrina Carpenter,Espresso,Espresso,spotify:track:2qSkIjg1o9h3YT9RAgYN75
Del Water Gap,Better Than I Know Myself,Better Than I Know Myself,spotify:track:0xg79a3ac7iAOILS1QQbPa
Kelsey Kuan,Strawberry Highlights,Strawberry Highlights,spotify:track:410ZNwaBNMJvHVWQPJLbIm
"Tyler, The Creator",Cherry Bomb + Instrumentals,CHERRY BOMB - Instrumental,spotify:track:5Sp0Qp4cmT5XXeJXfnrDAm
J Balvin,Energía,Ginza,spotify:track:2C2TGgFzrTRIOdQS1vUN5h
Dur-Dur Band,Sweet as Broken Dates: Lost Somali Tapes from the Horn of Africa,Gorof (Elixir),spotify:track:3ny55ZJcTqFLIcuXPzOpBF
Delegation,Oh Honey,Oh Honey,spotify:track:3TiCuJiisBOB9HzKAM6FDG
Victony,"Soweto (with Don Toliver, Rema and Tempoe)","Soweto (with Don Toliver, Rema & Tempoe)",spotify:track:25Kyv5SeEenT0EETpP2hYn
Ella Mai,Time,"Old Dog, New Bitch",spotify:track:6Bh16kDql5jGWA8WhinbdR
Saint Levant,FaceTime,FaceTime,spotify:track:2eKZvfQGKWrpASz67UCvTo
Prima,June Gloom.,June Gloom.,spotify:track:3tF8h4Mm10GEUquvWhmmlj
Plan B,Love And Sex,Candy,spotify:track:2ctjDCCg1wHoQSjIJ8p6U4
binki,Wiggle,Wiggle,spotify:track:3xUoFmauSdcqntvnmc39XZ
H.E.R.,I Used To Know Her: The Prelude,Feel A Way,spotify:track:3c7bUle1w9SAchAFUZ9n3o
Selena Gomez,Revival,Good For You,spotify:track:578Eooad7oUyn4stovZiPg
melvitto,THENIGHTISYOUNG.,Santorini Coffee,spotify:track:6TTR7tXftck5lU7BPRY7bV
Tame Impala,Currents,Yes I'm Changing,spotify:track:0xtIp0lgccN85GfGOekS5L
Shelly,Shelly,Steeeam,spotify:track:09RamrocZneYcLYLRIxYha
Rihanna,Loud,S&M,spotify:track:7ySUcLPVX7KudhnmNcgY2D
Adel Ebrahim,عادل ابراهيم 2014,اه يالندن,spotify:track:4nC5GnWJe2FcU84eBiJa3l
Conan Gray,Maniac,Maniac,spotify:track:7hpJ9tATWb2vztlq99hERP
Kim Petras,Slut Pop Miami,Gag On It,spotify:track:1NIIHg8jXOq095MQiLxXzC
Emotional Oranges,HOT OUTSIDE (feat. Anycia),HOT OUTSIDE (feat. Anycia),spotify:track:1QVh3p2qTqojy3MOTTLrLS
"Tyler, The Creator",Cherry Bomb + Instrumentals,"BLOW MY LOAD (feat. Wanya Morris, Dâm-Funk, Austin Feinstein & Sydney Bennett)",spotify:track:57lHFW5RSl888Q1UionOXq
Surfaces,Pacifico,Come With Me,spotify:track:16frIpnyUb9poRwQxQTmaC
Saba,CARE FOR ME,CALLIGRAPHY,spotify:track:7LBdv0ek7Tj2s0bgxmlrC6
Caleb Belkin,Summer Nights,Sunset,spotify:track:61ieuzY3byepkO7TZows2F
Magdalena Bay,A Little Rhythm and a Wicked Feeling,Killshot,spotify:track:0LJTfmgOMvlLd0u4HU9twm
Blood Orange,Coastal Grooves,The Complete Knock,spotify:track:2ITzT4yyV0zs0A9S3c2UXT
Big Time Rush,BTR,Big Time Rush,spotify:track:5lEsM6qpuzuZwij6jIZPvP
Brent Faiyaz,Larger Than Life,Upset (feat. Tommy Richman & FELIX!),spotify:track:5iwUwADk4uQUvgMF6PlTRl
Yaeji,EP2,Raingurl,spotify:track:4XXfQ8fBHMIgcygY4hV6RC
Lajfr,OLA,OLA,spotify:track:6BoWH6bD2rDPNd18NAoKZR
Ice Spice,Munch (Feelin’ U),Munch (Feelin’ U),spotify:track:1jOgJN75btuUONIdf57vHz
Tiagz,Tacata,Tacata,spotify:track:3HVePjHJWt5uI9HtHgV4aM
MIA GLADSTONE,GEEKIN,GEEKIN,spotify:track:4HiWfodoaCudNmx2AJCgq6
Berhana,Wildin',Wildin',spotify:track:4LGg2NY9eHp0jF3L1WbCNl
Pee Pee Man,Pee Pee Time,I Peed My Pants,spotify:track:3vVXQRbbZ5O8Np8L4naos4
BENEE,FIRE ON MARZZ,Wishful Thinking,spotify:track:06Xh1KvQofFghlSt33mFjc
RIAN,Schwarzes Schaf,Schwarzes Schaf,spotify:track:2dE0f1TEUXAlSEkisbW49n
Tame Impala,Currents,The Less I Know The Better,spotify:track:6K4t31amVTZDgR3sKmwUJJ
MC Fioti,Bum Bum Tam Tam,Bum Bum Tam Tam,spotify:track:6k2900NjJeVqZM55G3Danu
Mc Delux,Se Voce Nao Quer Passa a Vez,Se Voce Nao Quer Passa a Vez,spotify:track:7snnTlaWaN39nfN1PhUaT8
Billie Eilish,dont smile at me,idontwannabeyouanymore,spotify:track:41zXlQxzTi6cGAjpOXyLYH
Alessia Cara,Know-It-All,Here,spotify:track:5zUQZjVB6bfewBXWqsP9PY
Ethereal,Pump Fake,Pump Fake,spotify:track:4h7Hxf4UpXP4AdDSq7ziSS
Zola,AMBER,AMBER,spotify:track:5UPpgOKi0UQMMMSzWWgJJe
Indila,Mini World,Dernière danse,spotify:track:65uoaqX5qcjXZRheAj1qQT
RIMON,Nighttime,Nighttime,spotify:track:3YWJbv4CeZ1508JfmGNVL6
Malcolm Todd,Intercourse,Intercourse,spotify:track:3YWqNUpUGWDK8GDKMWCAEL
Vacations,Vibes,Relax,spotify:track:5TuTHrKzN6NweeQaKkBNb7
H_art the Band,My Jaber (Friday),My Jaber (Friday),spotify:track:6A7dtWl2tFEhWvQusDEqLv
Dina Ayada,Afro Jazz (My Bad) (feat. 33nimb),Afro Jazz (My Bad) (feat. 33nimb),spotify:track:5zQT9Qmt2kNgWQE7TuDhg7
TxC,Yebo,Yebo,spotify:track:5gmKbf0xU7lN4hJueFRchB
Doechii,Persuasive (with SZA),Persuasive (with SZA),spotify:track:67v2UHujFruxWrDmjPYxD6
Freeds,Fuzzy,Fuzzy,spotify:track:3rbvTHMixDKS84FLygc7ns
Jok'air,Big Drip,Big Drip,spotify:track:00rlHgLhlu7bWPvBz5xsyI
Red Hot Chili Peppers,Californication,Scar Tissue,spotify:track:1G391cbiT3v3Cywg8T7DM1
Nathanie,Who Do I Call?,Who Do I Call?,spotify:track:7luOSOrHYssQ1usmsFbc66
Lana Del Rey,Born To Die - The Paradise Edition,Ride,spotify:track:3l2S2RkGG4lbh7WqmCV3NB
Pitbull,Planet Pit (Deluxe Version),Mr. Worldwide (Intro) (feat. Vein),spotify:track:2HPmy1uA2SSJVVTduU9g2q
Echosmith,Talking Dreams,Cool Kids,spotify:track:13P5rwmk2EsoFRIz9UCeh9
Aminé,Baba,Baba,spotify:track:6bqIEcMHVQF0NQHnOnrvng
Lola Violet,meet me in the pale moonlight,meet me in the pale moonlight,spotify:track:5kStay40RcjuS8Y5f2eTie
beabadoobee,Beatopia,the perfect pair,spotify:track:41P6Tnd8KIHqON0QIydx6a
Calvin Harris,Slide (feat. Frank Ocean & Migos),Slide (feat. Frank Ocean & Migos),spotify:track:6gpcs5eMhJwax4mIfKDYQk
Katy Perry,Witness,Bon Appétit,spotify:track:4rHmKlFRiFzabiVO6e9w2e
Banes World,Drowsy,Drowsy,spotify:track:4yp90BbE4dxPXfGGSpbFwT
Panthurr,I Love U,"Woof, Pt. 1",spotify:track:4rHhkKyZ0DV97uAmIwQdVU
El Alfa,4K,4K,spotify:track:1BIXs6CdkPRLytuqoXs6XN
Cooper Scott,LORELEI,LORELEI,spotify:track:3GDLP0UQPmdv0hrXzcAHrW
Clara La San,In This Darkness,In This Darkness,spotify:track:0bmVH05tjN9jVh3kB1TfpR
Allah-Las,Self Discovery for Social Survival,Mulberry Jam,spotify:track:0kiX987aNuWUg0y3hj0IwT
Cris Mj,Una Noche en Medellín,Una Noche en Medellín,spotify:track:1O2pcBJGej0pmH2Y9XZMs6
Billie Eilish,HIT ME HARD AND SOFT,CHIHIRO,spotify:track:7BRD7x5pt8Lqa1eGYC4dzj
thủy,vapor rub,vapor rub,spotify:track:3rpfbgu18wx28HZJEWTlPt
The Backseat Lovers,When We Were Friends,Kilby Girl,spotify:track:1170VohRSx6GwE6QDCHPPH
ROSALÍA,Con Altura,Con Altura,spotify:track:2qG5sZ7Si6sdK74qLxedYM
Aminé,ONEPOINTFIVE,RATCHET SATURN GIRL,spotify:track:2q4F6OpQgx9umNB9uGFPYo
Faye Webster,Atlanta Millionaires Club,Right Side of My Neck,spotify:track:3cxZT78mZDyLsLPJKcTu3U
Wallows,Quarterback,Quarterback,spotify:track:2OwIGCjx7e7J1HHdAqIv21
Wallows,Model,I Wouldn’t Mind,spotify:track:3q6iPQ339EnP4YAU4rDAnS
Clairo,Nomad,Nomad,spotify:track:5NR7XN88d1NhOXKR0vD5XK
RIMON,BBYGIRL FOCU$,moved on,spotify:track:4tLuTJiRUFPzd9aTspqPZU
The Cranberries,Bury The Hatchet,You And Me,spotify:track:6jEcFhllWB0clBHFylomJZ
Bad Bunny,Un Verano Sin Ti,Otro Atardecer,spotify:track:0E0DRHf5PfMeor0ZCwB3oT
LISA,Rockstar,Rockstar,spotify:track:6vvPecFTmWxDfEJ6cYT1wa
Mac DeMarco,Other Here Comes The Cowboy Demos,Very Spooky,spotify:track:3w5lN6GQaBLqwgTTafjyOs
NewJeans,How Sweet,Bubble Gum,spotify:track:19D8LNpWwIPpi6hs9BG7dq
Kali Uchis,Red Moon In Venus,Worth the Wait (feat. Omar Apollo),spotify:track:6V91Cctseyb8yz67YQMDw3
Konshens,Show Yourself,Show Yourself,spotify:track:3wsF7hEjnnht0Zw2RhrKUN
Drake,Nothing Was The Same,"Hold On, We're Going Home",spotify:track:2aSC2xhRxOLiiZZVjhbylH
Aminé,Good For You,Caroline,spotify:track:5hTpBe8h35rJ67eAWHQsJx
Frank Ocean,Blonde,Nights,spotify:track:7eqoqGkKwgOaWNNHx90uEZ
June Freedom,Anchor Baby (Deluxe),Streets Don't Love You,spotify:track:4T3YwiBwz2ng2IyLLmFpnE
Frankie Steeze,Pa'Tra,Pa'Tra,spotify:track:1FdZqYIlVieu2okQ8iM41p
Dominic Fike,"Don't Forget About Me, Demos",Babydoll,spotify:track:7yNf9YjeO5JXUE3JEBgnYc
Doja Cat,Amala,Wine Pon You (feat. Konshens),spotify:track:2s4AcE9n80mSHl87lp4gIm
Kendrick Lamar,GNX,peekaboo (feat. azchike),spotify:track:2Uts1QFB4u2YNIMiqcb4de
Ley Soul,Intergalactic Janet,Intergalactic Janet,spotify:track:7zgEoBci3rKmEkLdsZ8ZKJ
Ella Mai,READY,Anymore,spotify:track:2Ymig15Ykfk10tAS3fCoij
Mac Miller,Swimming,What's the Use?,spotify:track:2dgrYdgguVZKeCsrVb9XEs
Arctic Monkeys,Favourite Worst Nightmare,505,spotify:track:0BxE4FqsDD1Ot4YuBXwAPp
WAYNE FLENORY,SUPARO,SUPARO - SPEED UP,spotify:track:7sf9InBTBA24jMwMHpiq2K
The Marías,CINEMA,Talk to Her,spotify:track:0ZpgDIYEJ7H2g8zkIEDQJz
The Dare,You're Invited,Girls,spotify:track:0Nb5ft0OdmZMNJnaEkpxB6
SZA,Saturn,Saturn,spotify:track:1bjeWoagtHmUKputLVyDxQ
Ravyn Lenae,Sticky,Sticky,spotify:track:1rfGO3N4DPGodJLSSY9Re5
Akalé Wubé,Sost,Spring No Come,spotify:track:07DGZiWVpWyjo8xldchZ9B
Dua Lipa,Future Nostalgia,Levitating (feat. DaBaby),spotify:track:5nujrmhLynf4yMoMtj8AQF
ARON,Friends,Friends,spotify:track:1p3Ss6aBpbpmnSuY0exNMC
Tyla,Water,Water,spotify:track:5aIVCx5tnk0ntmdiinnYvw
Aminé,Good For You,Veggies,spotify:track:34yAAS72vZUXvsQPHGZexE
Still Woozy,Goodie Bag,Goodie Bag,spotify:track:4vHNeBWDQpVCmGbaccrRzi
Sophiya,GREEKo FREAKo,GREEKo FREAKo,spotify:track:2PSChERR09PP6NXXIwmLOW
Don Toliver,Life of a DON,Drugs N Hella Melodies (feat. Kali Uchis),spotify:track:0IX5OFffosy8wk16m1IFCa
"Tyler, The Creator",Cherry Bomb + Instrumentals,"FIND YOUR WINGS (feat. Roy Ayers, Sydney Bennett & Kali Uchis)",spotify:track:0mvnmLsfi9n5RjPIWzT6tY
Hamid Al Shaeri,The SLAM! Years: 1983 - 1988 (Habibi Funk 018),Maktoub Aleina,spotify:track:1SvhjcZt9HTr7MpeAwaskE
Blood Orange,Angel's Pulse,I Wanna C U,spotify:track:4BD3sl4HjTAzWGVIP8LLm4
Marino,Im Doing Fine,Im Doing Fine,spotify:track:7aP15irA4wUSCanIFzgdd8
NLE Choppa,SLUT ME OUT 3 (feat. Carey Washington),SLUT ME OUT 3 (feat. Carey Washington),spotify:track:7FCsancbnLoZrmL6bX6Yti
Noname,Telefone,Diddy Bop (feat. Cam O'bi & Raury),spotify:track:6JvfBzqZmSiEG5MjM7OcSY
RENEE,Nunca Tristes (Me Vale Madre),Nunca Tristes (Me Vale Madre),spotify:track:3LWay44eeYFEh27Gf1UA7J
Kesha,Animal (Expanded Edition),TiK ToK,spotify:track:0HPD5WQqrq7wPWR7P7Dw1i
Charli xcx,BRAT,Everything is romantic,spotify:track:5sMEEjviCkH6Rp5X2ZvIIc
Malcolm Todd,Demos Before Prom,Out of Bounds,spotify:track:45mvVEa99kOMcjHJpCykrw
Gradusy,Научиться бы не париться,Научиться бы не париться,spotify:track:7vBW7vVdCDxFa0UeVPM549
SZA,Ctrl,Love Galore (feat. Travis Scott),spotify:track:0q75NwOoFiARAVp4EXU4Bs
Wallows,You (Show Me Where My Days Went),You (Show Me Where My Days Went),spotify:track:3UIeiuDKnbhZ7OoXZ9j0U5
Sabrina Carpenter,emails i can’t send fwd:,Feather,spotify:track:2Zo1PcszsT9WQ0ANntJbID
Josh Levi,DISC TWO,BIRTHDAY DANCE,spotify:track:0WkfQ4SJqsKrixNQNYSMsq
Ravyn Lenae,dinner & wine,Love Me Not,spotify:track:05nA0zArqFkZiLT6sg7jb3
Alemeda,I hate your face,I hate your face,spotify:track:4plObcsK0lBzi91Xew0lur
Tiwa Savage,Celia,Koroba,spotify:track:18t2ofQiViidZHxOBVjpD1
Kali Uchis,ORQUÍDEAS PARTE 2,Simple,spotify:track:2xQIb4ZLQLAiWAZejlmOoR
Peggy Gou,(It Goes Like) Nanana,(It Goes Like) Nanana - Edit,spotify:track:23RoR84KodL5HWvUTneQ1w
Soulja Boy,iSouljaBoyTellem,Turn My Swag On,spotify:track:6ATrsVaZT7XjkCynxM8cTS
Ladytron,Light & Magic,Seventeen,spotify:track:7qHMaeWBGykUXtoMQLkIC4
CKay,love nwantiti (feat. Dj Yo! & AX'EL),love nwantiti (feat. Dj Yo! & AX'EL) - Remix,spotify:track:4gvrJnKCKIPiacNsWVQwEU
Big Sean,Dark Sky Paradise,I Don't Fuck With You,spotify:track:7FYH5AW3bVfZHJIQpq3UOA
Elias Rahbani,Mosaic of the Orient,La Danse De Nadia,spotify:track:7A0C8hfPuReFu467SeaEkR
Aminé,ONEPOINTFIVE,WHY?,spotify:track:4qV3FpOX5NQbghsnmx3wKX
Rihanna,ANTI,Sex With Me,spotify:track:7BiELrM90hRxpozaIXbsLw
Blood Orange,Coastal Grooves,S'Cooled,spotify:track:2E86wsb6EBpsxhUAeAy6UC
Wallows,Uncomfortable,Uncomfortable,spotify:track:4BreyjJu4w5EUhTKPIQymq
Uncle Waffles,"Yahyuppiyah (feat. Pcee, EeQue, & Chley)","Yahyuppiyah (feat. Pcee, EeQue & Chley)",spotify:track:6L1UdBhj6v8Ol9qKHBtvLN
LeoStayTrill,Pink Lemonade (Str8 Reload),Pink Lemonade (Str8 Reload),spotify:track:4Pt80KvnL6e8DCd9QVx7Ht
Jack Harlow,Loose,SUNDOWN,spotify:track:0ipgd8PPFza3NNmN3Rn2uF
Ella Mai,Time,Switch Sider,spotify:track:65UGfLSTxHAw8CwgkwqeL1
Metro Boomin,NOT ALL HEROES WEAR CAPES,10 Freaky Girls (with 21 Savage),spotify:track:0AluA5RNsa4Cx6XRhf2hWZ
Sabrina Carpenter,Short n' Sweet,Good Graces,spotify:track:102YUQbYmwdBXS7jwamI90
Eyedress,Let's Skip to the Wedding,Romantic Lover,spotify:track:7s5VQqrjBtrBgZL4pEa46S
Bad Bunny,WHERE SHE GOES,WHERE SHE GOES,spotify:track:7ro0hRteUMfnOioTFI5TG1
Clairo,Charm,Juna,spotify:track:2mWfVxEo4xZYDaz0v7hYrN
beabadoobee,This Is How Tomorrow Moves,Real Man,spotify:track:0OpC8hRrbsh24taKOsQBEX
SE SO NEON,Nonadaptation 비적응,Go Back 집에,spotify:track:197OXtsiu7HujhhXYvJjEt
The Weeknd,After Hours,After Hours,spotify:track:2p8IUWQDrpjuFltbdgLOag
Kali Uchis,Red Moon In Venus,I Wish you Roses,spotify:track:35SbrfbaSpGUBX7e5BPega
Nitefreak,Gorah,Gorah,spotify:track:49GpUfc9M09eGET6yBJUAj
"Tyler, The Creator",Cherry Bomb + Instrumentals,2SEATER - Instrumental,spotify:track:2svpV0Ja1LtGq6eE7Pysu9
DACEY,SATIN PLAYGROUND,I'll Be There,spotify:track:7aXhUsoWEnRCXHjQZsNywf
Wonder Girls,REBOOT,Rewind,spotify:track:2YZa0dsV3xXGZ61XFYiRt8
SOPHIE,LEMONADE,LEMONADE,spotify:track:390ey4VzRGd88FHKCIflG7
Vishal-Shekhar,Tees Maar Khan,Sheila Ki Jawani,spotify:track:6VbmeIWTbNHM5uqoW7GTE4
Claire Rosinkranz,don’t miss me,don't miss me,spotify:track:5MG69A9XyXDbBbeOxdR3Tl
Aliyah's Interlude,IT GIRL,IT GIRL,spotify:track:4wQmwPWCUn6gi11Gep2qsP
The Virgins,The Virgins,Rich Girls,spotify:track:58F6iKkYdIccktJ8i8BuQQ
Fujii Kaze,HELP EVER HURT NEVER,Shinunoga E-Wa,spotify:track:0o9zmvc5f3EFApU52PPIyW
Still Woozy,Kenny,Kenny,spotify:track:6FmnMoph4yx7zjhuBcrHDv
Dreamer Isioma,Do I Make You Nervous,Do I Make You Nervous,spotify:track:1LsGcCJQcB9fTjjf4nOb0P
Henry Verus,Your Guilty Pleasure,Your Guilty Pleasure,spotify:track:0fIHfxL7QUl8cRZbC31Jj3
"Tyler, The Creator",Cherry Bomb + Instrumentals,DEATHCAMP (feat. Cole Alexander),spotify:track:2u1tKPsxhwigi5BNbXihB0
Clairo,Bubble Gum,Bubble Gum,spotify:track:3zksbXteOCeSusJ5Xltr3t
Cuco,Si Me Voy (with The Marías),Si Me Voy (with The Marías),spotify:track:6GiCszfL4D2GlCU8tFU3sR
Hotel Ugly,Shut up My Moms Calling,Shut up My Moms Calling,spotify:track:3hxIUxnT27p5WcmjGUXNwx
Mark Ronson,Uptown Special,Uptown Funk (feat. Bruno Mars),spotify:track:32OlwWuMpZ6b0aN2RZOeMS
RIMON,sugarcoated love,sugarcoated love,spotify:track:7ezuk947lx4NkZl8HjfP4l
Leat'eq,Tokyo,Tokyo,spotify:track:2Anpk7AihEt38POoMEDqRb
Lilithzplug,Once Upon A Time,Fangtasia,spotify:track:7niAo29YMZmdwPqbnw8d7s
"Tyler, The Creator",Cherry Bomb + Instrumentals,SMUCKERS - Instrumental,spotify:track:4x9qXC1n1x3v7tg4VD6xep
Kawtar,Ghanili,Ghanili,spotify:track:0sobdrww1wYUfqhrCAzwz0
BETWEEN FRIENDS,CUTiE,orange juice,spotify:track:6tQoCPONoPIhz6SGyn4Gak
City Girls,City On Lock,Pussy Talk,spotify:track:5EzL7hGT9g2Tvqsy158Lu9
Sports,Naked All the Time,You Are the Right One,spotify:track:2qpacEyFxmbxCpIEqZkqvC
bbno$,eat ya veggies,edamame,spotify:track:5rW7qTn83sCKtqBoneJs63
KMAT,"MKK (feat. CowBoii, djygubzin.live & Ranger)","MKK (feat. CowBoii, djygubzin.live & Ranger)",spotify:track:7JNPhwzFNg4pb7wZqfR5ms
Chance the Rapper,Coloring Book,Juke Jam (feat. Justin Bieber & Towkio),spotify:track:3eze1OsZ1rqeXkKStNfTmi
Kali Uchis,ORQUÍDEAS,¿Cómo Así?,spotify:track:54KEm0VI9i3ic7VHHKHKRx
Childish Gambino,Atavista,Atavista,spotify:track:6Lj4RhwPsVfMn7tsA5i8jW
Akalé Wubé,Sost,Gab's Trap,spotify:track:0yUpeCai6hB2mHrxgoG1fC
Flyana Boss,You Wish + Trashboi,You Wish,spotify:track:0aoLgGE9S9qMjIGtTgpnNd
The Neighbourhood,Chip Chrome & The Mono-Tones,Devil's Advocate,spotify:track:4XfI7M5gLwEY84gYiH4RDD
Piero Umiliani,La ragazza dalla pelle di luna,Mahè,spotify:track:29eLonNk3JNVWqu58cr7rq
Akalé Wubé,Sost,Erikum,spotify:track:5ccQ46xlexvYLutmVZf8Xu
Mereba,The Jungle Is The Only Way Out,Sandstorm (feat. JID),spotify:track:1NlWBpNYAnFT7gMGyC0Y1M
"Tyler, The Creator",Cherry Bomb + Instrumentals,BUFFALO (feat. Shane Powers),spotify:track:3h0P4TXrlrv9Lj0z7FS36I
Akalé Wubé,Sost,Anbessa,spotify:track:4Ic3yQiH5UmyyevTsp08tY
Luidji,Saison 00,Miskine,spotify:track:1oAJcJ1Wqg5lkHHTdRGOld
Lloyd,Street Love,Get It Shawty,spotify:track:2a03afRiyAbNAleOByVju4
Aminé,Good For You,Wedding Crashers,spotify:track:3nVDOYBJpdCkRR6r1DbZum
Daler Mehndi,Tunak Tunak Tun,Tunak Tunak Tun,spotify:track:131yybV7A3TmC34a0qE8u8
Ndotz,Embrace It,Embrace It,spotify:track:0io16MKpbeDIdYzmGpQaES
Kota the Friend,EVERYTHING,Long Beach,spotify:track:6tqIes4TjudsjfIpK4P2Jh
Kendrick Lamar,GNX,squabble up,spotify:track:0nj9Bq5sHDiTxSHunhgkFb
"Tyler, The Creator",Cherry Bomb + Instrumentals,RUN (feat. Chaz Bundick & ScHoolboy Q),spotify:track:1VZS61kwta2pHVTAXU9uU1
TitoM,"Tshwala Bam (feat. S.N.E, EeQue)","Tshwala Bam (feat. S.N.E, EeQue)",spotify:track:54seQV7MCcppBrznALCdlT
Biking With Francis,WANNA B,WANNA B,spotify:track:1TwqPT9ejPGa79hlWrX2OX
Stromae,Cheese,Alors on danse - Radio Edit,spotify:track:2GYHyAoLWpkxLVa4oYTVko
Frank Ocean,Blonde,White Ferrari,spotify:track:2LMkwUfqC6S6s6qDVlEuzV
The Blue Steam Project,Lunch Box,Lunch Box,spotify:track:74bQhhhHYWFszaIn0jfzAe
Stephanie Vo,VÀNG (Yellow),VÀNG (Yellow),spotify:track:0o94hNNHsEwVibVCtzjlW1
Tyla,TYLA,Truth or Dare,spotify:track:1whAXVGN8AdfrnoXNIXfJf
Daddy Yankee,"Blin Blin, Vol. 1",Aqui Esta Tu Caldo,spotify:track:0pHxl604r0OYmGdMNtbTyY
Monét Ngo,Ruby Sparks,Ruby Sparks,spotify:track:5XTmYM921b7aXDzINhhykP
Miranda del Sol,Care About Me,Care About Me,spotify:track:1k9wDlfLpTuIOdAC8p3ePf
Daniel Caesar,Freudian,Hold Me Down,spotify:track:1Mza2sr6tPhy6jjI3HB9fW
Filthy Blondes,Filthy Blondes,Heartbeats,spotify:track:0vfD6mTYeiAVlQGWJi9r2X
Mitski,Bury Me At Makeout Creek,Francis Forever,spotify:track:5411TEB6tlzvuF5A4oyldr
Rema,Rema,Dumebi,spotify:track:0SjQBdIddPvKSWxr8vk6QX
Rema,HEIS,OZEBA,spotify:track:7ySC0IjVS1PMEdsZOvsUK2
Yoza,Swim N Sativa,Swim N Sativa,spotify:track:0WNP3s9hFrPNyrznZzqx4o
Ricky Rich,Habibi,Habibi - Albanian Remix,spotify:track:2sHYMLUd4nVLxHPKY05Ein
Dotorado Pro,Macumba,Macumba,spotify:track:3cKxtjSVWfh5XLxZkQw5Nh
Tyla,TYLA,Jump,spotify:track:6XpEm7VJ7TZxZTawH8BCSW
Kendrick Lamar,DAMN.,LOYALTY. FEAT. RIHANNA.,spotify:track:6SwRhMLwNqEi6alNPVG00n
PinkPantheress,Where you are (feat. WILLOW),Where You Are (feat. WILLOW),spotify:track:4icnlpI5IbZcRO9mpixVVW
"Tyler, The Creator",Cherry Bomb + Instrumentals,THE BROWN STAINS OF DARKEESE LATIFAH PART 6-12 (REMIX) - Instrumental,spotify:track:3MNMl544W55Fphu1do513b
Dreamer Isioma,Sensitive,Sensitive,spotify:track:0oHEteATZnAZuA9dl1dXF3
Drake,Views,Too Good,spotify:track:3BtuIIrQlkujKPuWF2B85z
Current Blue,Six Speed,Six Speed,spotify:track:38loOBAgDgCW4pFWyH9cey
MIA GLADSTONE,GEEKIN,GEEKIN,spotify:track:2AdcAJUXNrvgKEdIEbXVy8
The Neighbourhood,Hard To Imagine The Neighbourhood Ever Changing,Softcore,spotify:track:2K7xn816oNHJZ0aVqdQsha
beabadoobee,Beatopia,Lovesong,spotify:track:2qkb3hhx8iCBvYzX9SvVxj
Lamis Kan,Mesytara,Mesytara,spotify:track:7H2uwSkd2mhRKyTOPRDE2L
Khalid,American Teen,Young Dumb & Broke,spotify:track:5Z3GHaZ6ec9bsiI5BenrbY
Blood Orange,Negro Swan,Jewelry,spotify:track:3boUSTv7CwQRiWuq8ZPjYi
Rauw Alejandro,PLAYA SATURNO,DILUVIO,spotify:track:2kz1YOhJiNubjigR1gB1VX
Oscar Welsh,Get Yourself to Sleep,Get Yourself to Sleep,spotify:track:74KttZ7bf1dDyrEviDbJCy
Nao,For All We Know - The Remixes - EP,Get to Know Ya - KAYTRANADA FLIP,spotify:track:5ymY6gY9vaUSG46kmQWBsm
RIMON,BBYGIRL FOCU$,feel it,spotify:track:63BXSCsnnx1DXMJZt47Lcn
Brent Faiyaz,WASTELAND,ROLLING STONE,spotify:track:0e0JshRej2NwT7jahEmv52
Rihanna,Music Of The Sun,Pon de Replay,spotify:track:4TsmezEQVSZNNPv5RJ65Ov
Shallipopi,Laho,Laho,spotify:track:37nExiid2iQtQzCJfUzohy
Frank Ocean,channel ORANGE,Bad Religion,spotify:track:2pMPWE7PJH1PizfgGRMnR9
Ella Mai,READY,My Way,spotify:track:3x4Zx0rPoW6kErSDK8SSnW
marQ,Rhodie,Rhodie,spotify:track:6cILD6HRaTvgb1OvGMRarO
Cuco,wannabewithu,Lover Is a Day,spotify:track:1ucnuV88gFTfR3BalmznDk
Inner Wave,wya,Six AM,spotify:track:5ac9xtBIyhpsPqqH7dBVQ2
Bazzi,Mine,Mine,spotify:track:6tHWl8ows5JOZq9Yfaqn3M
Afro B,Afrowave 2,Drogba (Joanna),spotify:track:0dCOSNPQizhMMjO6UxGlzi
Dominic Fike,Sunburn,Frisky,spotify:track:3my33XXLpYUzVEeLOyftV2
Mariah Carey,Butterfly,Honey,spotify:track:5NaOWLOmVjcA3M5spRATN9
Aminé,Good For You,Blinds,spotify:track:366DLDHAnvMnHP5ECYt4N7
Bad Bunny,DÁKITI,DÁKITI,spotify:track:47EiUVwUp4C9fGccaPuUCS
cupcakKe,Dauntless Manifesto,Backstage Passes,spotify:track:6wAOzF7TnDlMG6fOSU3fwX
Kendrick Lamar,Black Panther The Album Music From And Inspired By,All The Stars (with SZA),spotify:track:3GCdLUSnKSMJhs4Tj6CV3s
"Tyler, The Creator",Cherry Bomb + Instrumentals,"2SEATER (feat. Aaron Shaw, Samantha Nelson & Austin Feinstein)",spotify:track:5LUJ8X9S6lJOeUwJkWqCeX
The Drums,Portamento,Money,spotify:track:3VIJBrMpvimHEw5wtPh2wB
Oh Wonder,Oh Wonder,Lose It,spotify:track:2QgNcjwEn0vGmTommfszQd
Hamid Al Shaeri,Kawahel,Ouda,spotify:track:3x9BHDNsyg50xSEzmLMyUd
Don Toliver,Heaven Or Hell,No Idea,spotify:track:7AzlLxHn24DxjgQX73F9fU
Justin Timberlake,Justified,Rock Your Body,spotify:track:1AWQoqb9bSvzTjaLralEkT
Rio Romeo,Good God!,Nothing's New,spotify:track:0EF1EE8zusg3Y869e56JFd
Famous Friend,Prism (Better Than This),Prism (Better Than This),spotify:track:3Ts5wf48b6KKRSAfHSjzwQ
RIMON,BBYGIRL FOCU$,focu$,spotify:track:2eTUTCd53fpJi5H0RUlvTM
Billie Eilish,dont smile at me,bellyache,spotify:track:1ni8ZTAY1GHXEFOGHl7fdg
The Synaptik,Barqouq Leilaki (feat. JayJay),Barqouq Leilaki (feat. JayJay),spotify:track:1U4wCDl189m6VCLHoKw91n
berryblue,GOT ME LIKE,IN A MOOD,spotify:track:18hov7x3FZlBmvSkVEWRkz
Teedra Moses,Be Your Girl (Kaytranada Edition),Be Your Girl (Kaytranada Edition),spotify:track:0NdKnpfDtqT4ejsW4H58x4
Chanda na Kay,Chanda Na Kay Hits,Njebele Eeh,spotify:track:0SWfdQlpujY29v2D6QN3u2
Cage The Elephant,Neon Pill,Rainbow,spotify:track:6buQeGlk47QiPVoPObaZ7x
PinkPantheress,to hell with it,All My Friends Know,spotify:track:3ZpqeV6u8cheGopIXQlHfH
MC YOSHI,Y a une meuf,Y a une meuf,spotify:track:3hBR7YFqumGQAGUkrjv8C3
DJ Nhlaks,Sister Bethina,Sister Bethina - Amapiano Remix,spotify:track:4AdV3XxJMIFa5B9mG5UPwO
"Tyler, The Creator",Flower Boy,911 / Mr. Lonely (feat. Frank Ocean & Steve Lacy),spotify:track:4bEcoz1OcfMgUbp2ft8ieQ
Vendredi sur Mer,Premiers émois,Écoute Chérie,spotify:track:1zyUz3eZ3sytdaR9lfW17q
Lilly Yan,Paraíso,Paraíso,spotify:track:0FnWZZTkUeenPGOxIF247f
FloyyMenor,Gata Only,Gata Only,spotify:track:6XjDF6nds4DE2BBbagZol6
Ariana Grande,Christmas & Chill,December,spotify:track:7zrhy9OhtcO7MdIvbbJiOa
Hadi Azrak,Jeno Neto,Jeno Neto,spotify:track:04louZbgRbPblYU0mUyb6I
Dreamer Boy,"Love, Nostalgia",Simple,spotify:track:4ELWdmP1e2c0VxCvIeyUIz
DJ Snake,You Know You Like It,You Know You Like It,spotify:track:57kR5SniQIbsbVoIjjOUDa
Aminé,Good For You,Heebiejeebies - Bonus,spotify:track:32xx0fAv3CIeGmNaWTHvEF
bbno$,i don't care at all,shining on my ex,spotify:track:1IhMuuTCpO0K7BM2MmIZ0w
The Weeknd,"My Dear Melancholy,",Call Out My Name,spotify:track:1gm616Plq4ScqNi7TVkZ5N
Rihanna,Bitch Better Have My Money,Bitch Better Have My Money,spotify:track:0NTMtAO2BV4tnGvw9EgBVq
Chicano Batman,Invisible People,Pink Elephant,spotify:track:2R9FyZndeVCyq6wJQ6MRpN
Rhea Raj,Venom,Venom,spotify:track:0xGOTcUO5HmnvPQgP9c5Qb
DLG.,Scatterbrain,Scatterbrain,spotify:track:6iP5RyT5UYri2lBXF5HXPv
BLK ODYSSY,BLK VINTAGE,GHOST RIDE,spotify:track:15KqIJ5Kc3vC8KRi57cMY7
Wedi Tikabo,Fewsi Libi,Beluwa,spotify:track:7mw7jufAUanta7Thj72TmH
Queen Naija,Queen Naija,Mama's Hand,spotify:track:5u9QCfx2tcv8QJbKb2WFuq
Najat Aatabou,Goul el hak el mout kaina,Goul el hak el mout kaina,spotify:track:51INe09LKI99Irj3vWNUNS
Tai Verdes,TV,DRUGS,spotify:track:4tVASOccgcigdCfwUamZCh
beabadoobee,Loveworm,Apple Cider,spotify:track:5xA5MggKc3aQxuOzNzPUWB
Kali Uchis,Por Vida,Ridin' Round,spotify:track:0Ud8Gu7XyqU3jzfsWd9fn3
Saweetie,ICY GRL,ICY GRL,spotify:track:4Zkjhf26f6Ai7qSMjt1Yue
Still Woozy,Cooks,Cooks,spotify:track:75TDPu9k7Yv3IovdYaNCwk
Aminé,ONEPOINTFIVE,CHINGY,spotify:track:5KpUzmHFirESqWjCrXnmWS
IBI HAN,no remedy,no remedy,spotify:track:1kRZ4GZ2dnvBKBdqDMo2Ln
Central Cee,Doja,Doja,spotify:track:3LtpKP5abr2qqjunvjlX5i
Frank Ocean,Blonde,Self Control,spotify:track:5GUYJTQap5F3RDQiCOJhrS
SZA,Drew Barrymore,Drew Barrymore,spotify:track:4Ni8k94lpdC6gzjXtUdzVw
Conan Gray,Sunset Season,Greek God,spotify:track:7KJXiuMXQu723ODChoxENp
Nicki Minaj,Super Freaky Girl,Super Freaky Girl,spotify:track:4C6Uex2ILwJi9sZXRdmqXp
Yellow Claw,"Los Amsterdam (Remixes, Pt. 1)",Love & War - Yellow Claw G-Funk Remix,spotify:track:6UbfuPifNmblRiaE8vQ08U
Lay Bankz,Ick,Ick,spotify:track:3gZilge8NsINDKKlZD03Zg
Nathanie,yellow,yellow,spotify:track:0qstnaL14EV0e8TDgHA0kL
Chappell Roan,The Rise and Fall of a Midwest Princess,Casual,spotify:track:3WSOUb3U7tqURbBSgZTrZX
¥$,TALKING,TALKING,spotify:track:6J4rRj2uVfziGMyfrPEPLo
Souly Had,aesthetic,aesthetic,spotify:track:3aVGj0g3QKbbXn8uNBFZIH
The Weeknd,Trilogy,Coming Down,spotify:track:4q75XguyPrsduy70hcBVFu
Bruno Mars,24K Magic,That's What I Like,spotify:track:0KKkJNfGyhkQ5aFogxQAPU
The Weeknd,Beauty Behind The Madness,Acquainted,spotify:track:7uJH0YdSZL6psjxI6Xy08b
Filthy Blondes,Filthy Blondes,Filthy Blondes,spotify:track:1cXvVGe8AKcXUzAHrzcyuv
Ardian Bujupi,10,Peligrosa,spotify:track:0ZVk8VH9GlgaTSx6LQCA7G
Odetari,KEEP UP // FROSTBITE,KEEP UP,spotify:track:2yR2sziCF4WEs3klW1F38d
"Tyler, The Creator",Cherry Bomb + Instrumentals,CHERRY BOMB,spotify:track:53Ij8FmAuvzXLsjzCTLM31
H.E.R.,I Used To Know Her: The Prelude,Be On My Way (Interlude),spotify:track:3Rgw1bx8D22CEFjGVtMHQE
Shankar-Ehsaan-Loy,Kal Ho Naa Ho (Original Motion Picture Soundtrack),Maahi Ve,spotify:track:7Czm0vv2sYL5z4P51KY66e
Caleb Belkin,Summer Nights,Memories,spotify:track:5ivxkqVDTIqgDoQuPsNEwQ
Fitz and The Tantrums,Fitz and The Tantrums,HandClap,spotify:track:4qRaZYiaOsSvWC7VgcxrI0
Rihanna,Loud,S&M,spotify:track:2u02eLj96Atd6TBxkH9YvN
Steve Lacy,The Lo-Fis,Infrunami,spotify:track:0f8eRy9A0n6zXpKSHSCAEp
Fetty Wap,Fetty Wap,Again,spotify:track:3ESSGgWzRf1xvP7G5hHMhB
Tiagz,Tacata (Remix),Tacata (Remix),spotify:track:7LLBONqWyX3MoBvIVPu5fj
Jennifer Lopez,J.Lo,Love Don't Cost a Thing,spotify:track:1fgvJXlcZ7uIddMpqsqw0L
Peachy!,Falling for U,Falling for U,spotify:track:2xhGZ3WzOa3tir28y7Cb88
Clairo,Flaming Hot Cheetos,Flaming Hot Cheetos,spotify:track:1F6IbA7di42uPc3cff8PXV
The Weeknd,Starboy,Die For You,spotify:track:2LBqCSwhJGcFQeTHMVGwy3
Frank Ocean,Blonde,Ivy,spotify:track:6YJZMNLwxl7am5XZEr7eqY
Muni Long,Made For Me,Made For Me,spotify:track:0WIv5qV41y6YjjB9V1biuC
Sabrina Carpenter,emails i can't send,bet u wanna,spotify:track:1RAeuvRyRzCweAK3jUT0ZW
Spencer.,VISCERAL LOVE,OPEN WIDE,spotify:track:5EU5T4pvPG6Bedaepnhhxk
Matt Friedman,Everytime,Everytime,spotify:track:5dvQdaoonNty1jbzjIeKUb
Adekunle Gold,Catch Me If You Can,"Dior, Dior, Dior",spotify:track:5kP41EzPFmFXuywcYWSsyE
The Weeknd,Starboy,Die For You,spotify:track:2Ch7LmS7r2Gy2kc64wv3Bz
Frank Ocean,Biking (Solo),Biking (Solo),spotify:track:6gtNiLJNLBcV0P6Juenstp
BROCKHAMPTON,1999 WILDFIRE,1999 WILDFIRE,spotify:track:1t4pPnbkOjzoA5RvsDjvUU
Dreamer Isioma,HUH?,HUH?,spotify:track:2hWOnCuZo2Js7o0UbDa8m4
Beyoncé,RENAISSANCE,ENERGY (feat. Beam),spotify:track:0314PeD1sQNonfVWix3B2K
Malcolm Todd,Roommates,Roommates,spotify:track:1PJe0Vt9p0QaV4ZNHUwml0
Sade,The Best of Sade,Kiss of Life,spotify:track:65krtHkaYLPr0mEbjL61UP
NewJeans,NewJeans 1st EP 'New Jeans',Attention,spotify:track:2pIUpMhHL6L9Z5lnKxJJr9
The Rare Occasions,Notion,Notion,spotify:track:0sTlGEld0h8kIPZaKDYUf4
Aminé,Good For You,Money,spotify:track:7sdqtgsO9zxvKdrrVDpaNu
noevdv,want u,want u,spotify:track:1312ZAYpw7aeRQ8GMkbJux
KAROL G,MAÑANA SERÁ BONITO,MAÑANA SERÁ BONITO,spotify:track:4bycD60yZgR6anIBtmU8UH
Still Woozy,Habit,Habit,spotify:track:4BsLwvaJOTOHDNg7xMpvrL
021 Richard,Menozin É Abusado,Menozin É Abusado,spotify:track:7ED51LMfG28pKMGIW3CEy0
The Marías,No One Noticed (Extended),No One Noticed (Extended English),spotify:track:4Q9qkdqu0qKKjaftRrAK9C
Flo Milli,"Ho, why is you here ?",Beef FloMix,spotify:track:7qdFz1dTJqgdVe6NA4F4DP
Davido,Timeless,UNAVAILABLE (feat. Musa Keys),spotify:track:2kaH2Z8ezDUKf6fNw250rZ
Tyla,Been Thinking,Been Thinking,spotify:track:2TDovGBTIpZ6zXKeyhsFzz
Rvssian,Santa,Santa,spotify:track:5bi0gh89wRuH2OgjdAKFsb
Hope Tala,Girl Eats Sun,Cherries,spotify:track:13z7RLPmgupzRwQY9NiTZU
bbno$,eat ya veggies,wussup,spotify:track:0QlCwqffuvLHJVGo5ngMcs
Burna Boy,African Giant,Gbona,spotify:track:7rpWDu9GPlLxbLorYKVys7
Billie Eilish,HIT ME HARD AND SOFT,BIRDS OF A FEATHER,spotify:track:6dOtVTDdiauQNBQEDOtlAB
Current Blue,Los Santos,Los Santos,spotify:track:0VpSpAYEc2DlNSmnxGyg6F
Pearly Drops,Call For Help,Call For Help,spotify:track:3l5qctI4FqhfjIZzs06cbk
Drake,"Two Birds, One Stone","Two Birds, One Stone",spotify:track:3m62bJJXGyQKdR9XyRocnl
Aaron May,CHASE,"I'm Good Luv, Enjoy.",spotify:track:1qpHbfyMnaIKcJPzVxfnpO
Sarcastic Sounds,Disappointment (feat. Rxseboy),Disappointment (feat. Rxseboy),spotify:track:4jU4Go8TPo3bkvRQSYbp8x
Kendrick Lamar,GNX,tv off (feat. lefty gunplay),spotify:track:75bsrBtmM57lhi55yOfzBL
Bakar,Hell N Back,Hell N Back,spotify:track:0rVJ6v23RQozOIvr1YotJP
Reliably Bad,Phone,Phone,spotify:track:4FoVYS4yO67zaIQ5ngWMhY
BROCKHAMPTON,GINGER,SUGAR,spotify:track:6U0FIYXCQ3TGrk4tFpLrEA
LISA,New Woman (feat. ROSALÍA),New Woman (feat. ROSALÍA),spotify:track:7ov3TDp5D00Rnu5R1viX4w
Beyoncé,Lemonade,Love Drought,spotify:track:2RQAG0wQt35UzAPEyVJFWN
Doja Cat,Purrr!,So High,spotify:track:1yvSMyZn27M4wEslpSvB0D
Ayra Starr,The Year I Turned 21,Woman Commando (feat. Anitta & Coco Jones),spotify:track:7jaot4TU3RWNZVscwAsKLA
Shoti,Shoti Sped Up,LDR - Sped Up,spotify:track:6bLwOcpjZOL1GuCHBoB4VZ
Hamid Al Shaeri,Roh El Samara,Leih,spotify:track:717fPQP4MjfeTGEDMluy9J
Lee Hyori,Stylish…,10 Minutes,spotify:track:2Tfv41qZ0U3ahZiKiDBa4a
Aminé,Familiar,Familiar,spotify:track:1bHjlcErAwz7qh8ME68iIR
Take Van,Far Away,In My Head,spotify:track:5a5q1sFcpMoPRk5fRGWq2W
KAROL G,MAÑANA SERÁ BONITO (BICHOTA SEASON),UNA NOCHE EN MEDELLÍN - REMIX,spotify:track:6ejks4eS7DOoYW8hrpRcDV
Odetari,HYPNOTIC DATA 2.0,HYPNOTIC DATA,spotify:track:1Ll2L0m2QznnoJI9xRN5MP
Dominic Fike,14 minutes,misses,spotify:track:6WTFHKrnZpwEBLRS10Ylqs
Mc Pogba,Ela Joga na Hora,Ela Joga na Hora,spotify:track:6hZGsChumRhWG24OEh698c
Pitbull,Globalization,Fireball (feat. John Ryan),spotify:track:4Y7XAxTANhu3lmnLAzhWJW
Frah Quintale,Regardez moi,"Si, ah",spotify:track:4nS6mZBLYgtksYyXsuXgBw
Rema,Beamer (Bad Boys),Beamer (Bad Boys),spotify:track:1pkNZFVhcshcvN5I6Nvb0q
Fash,Delusional,Delusional,spotify:track:6i5TO3p0farklb7mZWHuHE
Isabel LaRosa,older,older,spotify:track:75c2zaSdDBSX0A8Jyvm4fO
The Internet,Ego Death,Gabby (feat. Janelle Monáe),spotify:track:5xok0LRntz8qY9ljEwPV9L
Filthy Blondes,Filthy Blondes,You,spotify:track:3v65jCf7VmrnwMK95yKOc1
"Tyler, The Creator",Cherry Bomb + Instrumentals,KEEP DA O'S - Instrumental,spotify:track:7Il5uRy0f42P1hXMIfa6iG
marQ,Indecisive,Indecisive,spotify:track:1y7oFqMYZuHGNnbVAzjYWb
Ella Mai,CHANGE,Found,spotify:track:3GmdPNBnVUtiTnU3i1idfq
Khalid,Location,Location,spotify:track:1WIfWj5skn5UUZTs4cEFBe
Lil' Flip,U Gotta Feel Me,Sunshine (feat. Lea),spotify:track:4s0o8TJHfX9LLHa0umnOzT
FKA twigs,CAPRISONGS,oh my love,spotify:track:5dEJc0rHuTVxtl1xljDbRv
Sabrina Carpenter,Short n' Sweet,Busy Woman,spotify:track:0b0Dz0Gi86SVdBxYeiQcCP
Katya Lel,Джага-джага,Мой мармеладный (Я не права),spotify:track:1Hg0KhBCuME4PgsTYMBK9y
Ashley Tisdale,Guilty Pleasure,"It's Alright, It's OK",spotify:track:1bYtKF2sY2wLU6xdVaqIqD
Farhiya Fiska,Wadada Ku Qul Qul,Wadada Ku Qul Qul,spotify:track:5BE9CJHEoS4yRdVAVVBteP
APRO,"4.2 (For, To) [feat. SOLE]","4.2 (For, To) [feat. SOLE]",spotify:track:7gVVq821Nd9HprBYsVD7n2
Harmless,I'm Sure,Swing Lynn,spotify:track:6hIOunhsLUT66KQgZV5dMD
Justin Timberlake,FutureSex/LoveSounds,SexyBack (feat. Timbaland),spotify:track:0O45fw2L5vsWpdsOdXwNAR
Kendrick Lamar,Not Like Us,Not Like Us,spotify:track:6AI3ezQ4o3HUoP6Dhudph3
Grimes,Art Angels,Realiti,spotify:track:3AAdbLZWOptsP8ViSj71RD
Dur-Dur Band,Volume 5,Amiina Awdaay,spotify:track:3dv7VQf2QhILTdJkQJdJlB
21 Savage,i am > i was,ball w/o you,spotify:track:50a8bKqlwDEqeiEknrzkTO
Beach Weather,Chit Chat,"Sex, Drugs, Etc.",spotify:track:7DbdUf8aHSYoliSjO6LZv6
Hot Flash Heat Wave,Mood Ring,Glo Ride,spotify:track:51mlLQIkwdd3UoLT8cY7tA
Alemeda,Post Nut Clarity,Post Nut Clarity,spotify:track:0x4OOb9FGytaKhWbZv2PzM
Baby Keem,The Melodic Blue,16,spotify:track:1Is8hGpkGMiePASAxBluxM
Baird,Beluga v2 (feat. Berhana),Beluga v2 (feat. Berhana),spotify:track:4RrJBZZ41eKEZAylP1A9t1
Aminé,ONEPOINTFIVE,DAPPERDAN (feat. G Herbo),spotify:track:0iMIQ9pTAwimaR9gpUwOgo
Lola Brooke,Don't Play With It (feat. Billy B),Don't Play With It (feat. Billy B),spotify:track:6aGpM4DXts4pdRhVKbRYuk
Madonna,Back That Up To The Beat,Back That Up To The Beat - demo version,spotify:track:5ZQ2slXNqImBi0SdomcjYN
Polo G,Hall of Fame,RAPSTAR,spotify:track:18vXApRmJSgQ6wG2ll9AOg
Aminé,Good For You,Yellow,spotify:track:4Hj5yNHgu2dyrnzRQN7Gld
Travis Scott,UTOPIA,FE!N (feat. Playboi Carti),spotify:track:42VsgItocQwOQC3XWZ8JNA
Frank Ocean,Chanel,Chanel,spotify:track:6Nle9hKrkL1wQpwNfEkxjh
Dayglow,Fuzzybrain,Can I Call You Tonight?,spotify:track:64lsIF5pw0sJY0gV5kz0RN
Nimco Happy,Isii Nafta (Love You More Than My Life),Isii Nafta (Love You More Than My Life),spotify:track:5LqZfoepOXWxbvP8JfJfHb
Hotel Ugly,Ugly Duck,Is there free breakfast here?,spotify:track:30jui3PqevssdIVpjEWM38
Daniel Caesar,Freudian,Loose,spotify:track:59acp1OhcvxwVBwQJBYKuX
HYBS,Tip Toe,Tip Toe,spotify:track:0MJ5wKsPEeihONNfugHGy7
Black Serbs,Keep That Tempo,Keep That Tempo,spotify:track:5KX6xup2oV9LLYAdIXSOYi
El Alfa,ESTE,ESTE,spotify:track:0GfWTZZOc7co6oVqyQ556l
"Tyler, The Creator",IGOR,WHAT'S GOOD,spotify:track:6bOkaEXc5CopinGazSLokx
Mac DeMarco,This Old Dog,For the First Time,spotify:track:2R4AlwtrrkMaRKojcTIzmL
Far East Movement,Free Wired,Rocketeer,spotify:track:45sDIKapDyxPl307QpEAwl
Tate McRae,Sports car,Sports car,spotify:track:2zOmS55knKWSgScYPTNmGQ
WILLOW,ARDIPITHECUS,Wait a Minute!,spotify:track:0y60itmpH0aPKsFiGxmtnh
The Neighbourhood,Hard To Imagine The Neighbourhood Ever Changing,You Get Me So High,spotify:track:7zwn1eykZtZ5LODrf7c0tS
Cordae,The Lost Boy,RNP (feat. Anderson .Paak),spotify:track:5lw8Mgb4LyhriPIC86gV6e
KAYTRAMINÉ,KAYTRAMINÉ,Sossaup - Instrumental,spotify:track:6w9Eg259s3XZchYIpvKFu0
Saba,Bucket List Project,Photosynthesis,spotify:track:3DlgDXIYtnWtJKiB8bZQMv
Juls,Peace and Love,Perspective,spotify:track:5lsuvn0EvoxEsajNKhxqpz
Mitski,The Land Is Inhospitable and So Are We,My Love Mine All Mine,spotify:track:3vkCueOmm7xQDoJ17W1Pm3
Monsieur Periné,Tu M'as Promis,Tu M'as Promis,spotify:track:1ECNQcDrDOcEsBgAiilP8C
Drake,If You're Reading This It's Too Late,Jungle,spotify:track:7JXZq0JgG2zTrSOAgY8VMC
Calle 13,Calle 13 (Explicit Version),Atrévete-Te-Te,spotify:track:1q8NdCAQ9QUjpYiqzdd3mv
Tutankhamun,Tutankhamun,Coltrane,spotify:track:0chxeKv3ZAV4vnl3OVBXMg
Malcolm Todd,Comfort Me,Comfort Me,spotify:track:3dAk7Z16rv38qRM3MIhCIX
tomcbumpz,don't look down,staring contest,spotify:track:5X3KZZrT6nBpwSBr0SY26L
KAYTRAMINÉ,KAYTRAMINÉ,Rebuke,spotify:track:4doxCAkqckpGTasPN6ByUu
Clairo,Charm,Slow Dance,spotify:track:2qmmnbJ9JR3f7vofbyje5r
Amaarae,Fountain Baby,Angels in Tibet,spotify:track:23uUytja1B1mUOOIoygf6u
Zack Fox,fafo,fafo,spotify:track:2R711v6UpsgYvDuzCJ1iSl
Malcolm Todd,Mr. Incorrect,Mr. Incorrect,spotify:track:4IbHvRGmGWNmwaI8x9RMDS
Queen Naija,Queen Naija,Butterflies,spotify:track:4A58lXGBRCg2cumRXTRxHO
June Freedom,Anchor Baby,𝘠𝘚𝘓,spotify:track:10U0rbctNl1DWEuCn1ETm6
Hamza,H-24,Mi Amor,spotify:track:3M10IV8Ax1Kpyo2rQfypg7
LeeHi,4 ONLY,H.S.K.T. (feat. Wonstein),spotify:track:39382sUtIOwIXftX0i76do
Shawn Mendes,Youth (feat. Khalid),Youth (feat. Khalid),spotify:track:3Wf2YGdYT8xVdNsQSoRKk9
UMI,Love Language,Love Affair,spotify:track:4ZaRg5Sf4TKr0YcFRLh7QJ
Mac Miller,Faces,55,spotify:track:1wufHXu9vAHISfC9RLAdyj
zeyne,Atoul,Atoul,spotify:track:2nxNsJ9Lve8edydwY8oL5b
Riton,Fake ID (Coke & Rum Remix),Fake ID (Coke & Rum Remix),spotify:track:2VuzBUB5V9AlpniCUhaszP
H.E.R.,I Used To Know Her: The Prelude,Lost Souls (feat. DJ Scratch),spotify:track:0gcbRbAXm1T1labe7eeBFX
Meek Mill,Championships,Going Bad (feat. Drake),spotify:track:2IRZnDFmlqMuOrYOLnZZyc
Clairo,Sling,Amoeba,spotify:track:0HAqq2GcQKyi3s87GuN7jU
The Notorious B.I.G.,Greatest Hits,Big Poppa - 2007 Remaster,spotify:track:63BcfK6YAzJYeISaTPr6IO
Ella Mai,CHANGE,"10,000 Hours",spotify:track:6d1fGqMtdUEuHqFSDMlR0N
Craig David,Born to Do It,7 Days,spotify:track:0gPQTLaqHDgdupKEok7J2x
PRETTYMUCH,Would You Mind,Would You Mind,spotify:track:4vlL7HTI5eVGBYOb1w7Goi
JayO,22,22,spotify:track:1QxTmNDHFmgaxgAolqqgAD
P-Square,Personally,Personally,spotify:track:4YTMIcFroWpTMRLY8su9bf
Childish Gambino,Camp,Les,spotify:track:0YsGMHid6sFq5PcToe3JZE
Lil Peep,HELLBOY,girls,spotify:track:3vO4Bmh9j0dJQiPcGCfX04
Queen Naija,Queen Naija,Karma,spotify:track:0k3pFrLSGGuwzgog5TCKEi
Nathanie,Sunscreen,Sunscreen,spotify:track:0j7W0n2R5CfrLsUazKcIvW
Daniela Andrade,Tamale,Wet Dreams,spotify:track:1GjrjKqpoUiopKLmEwAbB9
Kevin AMF,Maradona (Tatara),Maradona (Tatara),spotify:track:3P8siIOHzjtOA8oCglURzL
Ice Spice,Like..?,Deli,spotify:track:5JYPXqMwYc0zTODQdjMEZN
Clairo,Sexy to Someone,Sexy to Someone,spotify:track:2Nq4SFbvYYZa8AF7lD7CWU
Frank Ocean,Novacane,Novacane,spotify:track:4osgfFTICMkcGbbigdsa53
Tate McRae,So Close To What,Dear god,spotify:track:2ETQsbiuGm2WLOSOr2I19A
Mitski,Bury Me At Makeout Creek,First Love/Late Spring,spotify:track:3sslYZcFKtUvIEWN9lADgr
Burna Boy,African Giant,On the Low,spotify:track:1PoJXULCvl03b1fiZmMxmd
Voyage,Guns N Roses,Da Li Bi,spotify:track:0Q5614EKhGfCMqKniwriCA
Akalé Wubé,Sost,Alègntayé,spotify:track:0bFrcl6l44MbN3LtNN71l6
Joakim Karud,Dreams,Dreams,spotify:track:7lRsXfGnY0PBSxVMIxuHME
Ogün & Ömsen,Shisha Bar,Shisha Bar,spotify:track:77jcC4Gz3ZVZFIzFinWMN4
Mac DeMarco,Salad Days,Chamber Of Reflection,spotify:track:1MJ5f5EYBC92ADD6xcz7nb
Gus Dapperton,"Prune, You Talk Funny","Prune, You Talk Funny",spotify:track:6KKHXbJtnJPjla3V49YPac
MarSimba,Kandaka,Kandaka,spotify:track:7GiLIZ1JNiq2EAzlI5pNXM
Filthy Blondes,Filthy Blondes,Oscar,spotify:track:7lLJ99qU8PsExX5et2YBAd
DJ Khaled,Grateful,Wild Thoughts (feat. Rihanna & Bryson Tiller),spotify:track:45XhKYRRkyeqoW3teSOkCM
Victorious Cast,Victorious 2.0: More Music From The Hit TV Show (feat. Victoria Justice),Take A Hint (feat. Victoria Justice & Elizabeth Gillies),spotify:track:1T20tqHKrePjszGOdbFOEd
Tove Lo,Lady Wood,Cool Girl,spotify:track:3tJ4y2Zqx6gM9xOAuFfsSF
marQ,Girl,Girl,spotify:track:0PpZ0fd3eg8pZAhSqopbPT
Malcolm Todd,Shower Shoes,Slowww,spotify:track:55vavckUtTOlOCxRmMpcVg
Abrildefresa,Crush,Crush,spotify:track:2uLur0KyHSiqlBuo7sN6C9
Still Woozy,All Your Life,All Your Life,spotify:track:5tL2wDaEAsdTGLa8hN5NWq
J Balvin,OASIS,MOJAITA,spotify:track:71pEiUWwfDFiRO6RmFpnBf
Beyoncé,AMERICA HAS A PROBLEM (feat. Kendrick Lamar),AMERICA HAS A PROBLEM (feat. Kendrick Lamar),spotify:track:6l8mgVN9Xf1hiDIFGA6CTE
Rema,Bounce,Bounce,spotify:track:0N83qk5axJe71xNDXeViFQ
Bruno Mars,24K Magic,24K Magic,spotify:track:6b8Be6ljOzmkOmFslEb23P
Saint Levant,Very Few Friends,Very Few Friends,spotify:track:2L0PRavRIQIjVcZK4Qgfgi
Wizkid,"More Love, Less Ego",2 Sugar (feat. Ayra Starr),spotify:track:1DA2ADZs6O28y2rmdmpekw
Doechii,Alligator Bites Never Heal,NISSAN ALTIMA,spotify:track:2dKkVF2m160z0RNDN2dddc
"Tyler, The Creator",Cherry Bomb + Instrumentals,PILOT (feat. Sydney Bennett),spotify:track:4SUQbrebZgvSX8i3aYHMB6
Pritam,Jab We Met,Mauja Hi Mauja,spotify:track:2iXVckhPy7tP0wV9DvlrjZ
Drake,$ome $exy $ongs 4 U,NOKIA,spotify:track:2u9S9JJ6hTZS3Vf22HOZKg
Gesaffelstein,Hyperion,Lost in the Fire (feat. The Weeknd),spotify:track:2vXKRlJBXyOcvZYTdNeckS
Will Paquin,Chandelier,Chandelier,spotify:track:1cwqP7Tyxu5z8XDYoPkNte
Drake,"Honestly, Nevermind",Sticky,spotify:track:4rmVZajAF7PkrCagGPHbqa
CLUBZ,Destellos,Palmeras,spotify:track:6yAdoDH69y3N0MicAczpVp
Deem Spencer,Soap,Soap,spotify:track:0q2rsdNc3FiahPJjvzLQAG
Famous Dex,JAPAN,JAPAN,spotify:track:4lTiuD1DwBKo4L7wqMkD7C
SZA,SOS,Used (feat. Don Toliver),spotify:track:4NqkE7kRUvMDEdcqD96EDO
Luísa Sonza,CACHORRINHAS,CACHORRINHAS,spotify:track:7KWKWJnbGJ3Soag6Oopion
Joji,Nectar,NITROUS,spotify:track:2iES5ck2jsznpywJWMMzWR
Malcolm Todd,Art House,Art House,spotify:track:2GkjgiuBawwpL48d0TGQEL
Kronan,Gatluak,Gatluak - Bakermat Remix,spotify:track:0GT2hQQ6mdHeW0AZDl5NlJ
Kanye West,Kanye West Presents Good Music Cruel Summer,Don't Like.1,spotify:track:2rJvc7nSYWBKAuNUMx1Cr2
Anderson .Paak,Malibu,Heart Don't Stand a Chance,spotify:track:25GlFJq5QNAXyVgJvCZ4Mf
Tory Lanez,Alone At Prom,The Color Violet,spotify:track:3azJifCSqg9fRij2yKIbWz
Sidney Gish,No Dogs Allowed,Sin Triangle,spotify:track:2fDdW9LPYBD5KwYXRYpWce
The Weeknd,Beauty Behind The Madness,The Hills,spotify:track:7fBv7CLKzipRk6EC6TWHOB
Dominic Fike,What Could Possibly Go Wrong,Why,spotify:track:1xLs8Mu1QEVbGCpyHQ2r2U
StarBoy,"Soco (feat. Wizkid, Ceeza Milli, Spotless & Terri)","Soco (feat. Wizkid, Ceeza Milli, Spotless & Terri)",spotify:track:1KpBtWSI9dlv0RjtzvF1BD
Wallows,Nothing Happens,Are You Bored Yet? (feat. Clairo),spotify:track:57RA3JGafJm5zRtKJiKPIm
Big Time Rush,BTR,Boyfriend,spotify:track:1rKBOL9kJfX1Y4C3QaOvRH
Alemeda,FK IT,Not Asking For Much,spotify:track:5rqVZtMRNUJt5drXwXMVxv
The Neighbourhood,#000000 & #FFFFFF (No DJ Version),Jealou$y (feat. Casey Veggies & Kossisko),spotify:track:7ofaLUVPCwrPrKY6Rk6c0b
Ella Mai,CHANGE,Who Knew,spotify:track:4vshJnpU7XbiGNzrwSeX6h
Caleb Belkin,Discography,Water,spotify:track:1D1T85tGQBtiQwXbTRYXXC
Pi’erre Bourne,The Life Of Pi'erre 5,Drunk And Nasty (feat. Sharc),spotify:track:1lAJUXyP5S2dUYHer1xBas
beabadoobee,Our Extended Play,Cologne,spotify:track:1NaDK3atogQEn9glK5fYuy
LIL TAY,SUCKER 4 GREEN (MONEY),SUCKER 4 GREEN (MONEY),spotify:track:4C7qGYJ9vMAzX95o2xTdhA
H.E.R.,I Used To Know Her: The Prelude,Against Me,spotify:track:6PECN7ogaP2XbSmJUt9TvT
Ella Mai,Time,Don't Want You,spotify:track:7mlUgG3YkaE8AWRzsdEcNn
Eve,Scorpion,Who's That Girl?,spotify:track:3uVE5vLKkigiWBOQEgmdDk
Yung Hurn,"CRAZY HORSE CLUB MIXTAPE, VOL. 1",AUS MEIN KOPF,spotify:track:5n76Jo6GkhtVVOWRISWqRr
Bayou,Persian Girl,Persian Girl,spotify:track:00F00gtN0N4kqlD7HdIKm8
Lana Del Rey,Norman Fucking Rockwell!,Happiness is a butterfly,spotify:track:3lG6OtGDsYAOALxEmubQQm
The Living Tombstone,No Mercy,No Mercy,spotify:track:3tbwKbrgDNjT4JvM4SVAtz
Paris Texas,They Left Me With The Sword,Tantrum,spotify:track:1dDg6BHCcjSOAvZqAqaNXv
Major Lazer,Major Lazer Sped Up,Light It Up (Remix),spotify:track:1PZnmXqID6mCR45Fhiwst9
Dreamer Boy,"Love, Nostalgia",Lavender,spotify:track:6FQ7tecargtjwGK5L4Atsj
Gwen Stefani,Love. Angel. Music. Baby.,Hollaback Girl - Remastered 2019,spotify:track:0JMwb4AtBw2FdvzNaGzpMn
Queen Naija,Queen Naija,Medicine,spotify:track:3qN6yTXh6XV9o530V6i9HM
ANNA,VERA BADDIE,30ºC,spotify:track:19DHPlTC2gx1j4jrFzNbwL
Doja Cat,Hot Pink,Streets,spotify:track:60ynsPSSKe6O3sfwRnIBRf
Mac Miller,The Divine Feminine,Skin,spotify:track:1eDS8ii1utvj0PjfQLrDb4
GloRilla,WHATCHU KNO ABOUT ME (with Sexyy Red),WHATCHU KNO ABOUT ME (with Sexyy Red),spotify:track:4VI2Y5xg4gYynQqNQNQbTN
Alemeda,Don't Call Me,Don't Call Me,spotify:track:6TmdQKyH6D50cTnXVnfLFn
Asake,Work Of Art,Amapiano,spotify:track:1YgIvHDTvi1vosins1jyAC
Migos,Culture II,Walk It Talk It,spotify:track:6n4U3TlzUGhdSFbUUhTvLP
Brent Faiyaz,WASTELAND,"GRAVITY (FEAT. TYLER, THE CREATOR)",spotify:track:3zakx7RAwdkUQlOoQ7SJRt
UMI,Love Language,Sukidakara,spotify:track:6Mvcq6hzXQvDyruJZYdDJm
Aminé,ONEPOINTFIVE,REEL IT IN,spotify:track:5qHirGR7M9tdm6C17DlzSY
Rema,HEIS,HEHEHE,spotify:track:5oUDNEJSEjsVT7LeWya4Gv
UMI,Balance,Down to Earth,spotify:track:5QzdYVqeAPnlBfbuJQ2AaO
Turbo,Classy Girl,Classy Girl,spotify:track:5MQw4sDFeFub72PLbRvsZv
Pretty Boy Aaron,Nicotine,Nicotine,spotify:track:6qGu3Kz2Ruc1cuIqYPpwia
Aminé,Heebiejeebies,Heebiejeebies,spotify:track:11kWiaqMGj4BMv6syMEFT0
Vacations,No Place Like Home,Next Exit,spotify:track:3aI2wWEeNmtYDvsAyJahyi
Rema,BENIN BOYS,BENIN BOYS,spotify:track:5GX1wsJfvSXUobjDJgrVBD
21 Savage,american dream,redrum,spotify:track:52eIcoLUM25zbQupAZYoFh
no/vox,love drought - instrumental,love drought - instrumental,spotify:track:5advKWE0ZSh5U7aZ1u5eUP
Puri,Coño,Coño,spotify:track:7tXCV0UwFwBxqum6i25you
Ella Mai,Time,One Day,spotify:track:0SZwTcyp6qcICqdRVOpbPy
Alcione,Sol de Verão 2021,Figa De Guiné,spotify:track:1oekqvXHit1f8Rirv9uSH7
Odeal,Sunday At Zuri's,Soh-Soh,spotify:track:1I08zQMc1sHy2xwd8itedV
Queen Naija,Queen Naija,Bad Boy,spotify:track:57GXPGUYAyKIVo94Iabcm4
Sage The Gemini,Gas Pedal,Gas Pedal - Remix,spotify:track:1wAqm1FpHVdVDbOwAMeX1X
Aminé,Good For You,Sundays,spotify:track:2TLlFL6dpycifLqKtTE7UZ
SAISO CUPID,My Type,My Type - sped up,spotify:track:4KUuBlM024uLvqm59whxys
Harmless,I'm Sure,Swing Lynn,spotify:track:3VCXx37jNGNOMns6z2OnvJ
Eyedress,The Dark Prince (feat. Mac DeMarco),The Dark Prince (feat. Mac DeMarco),spotify:track:0B4U9FT1WaFwUiiCPOAak7
Clairo,diary 001,Hello?,spotify:track:7qwt4xUIqQWCu1DJf96g2k
teo glacier,Long Story Short,close with desires (right person wrong timing) - Sped Up,spotify:track:2tmMOylsNX1wjBKhGdQ3fs
Malcolm Todd,Two New Malcolm Todd Songs,Cute Shirt (Interlude),spotify:track:2WnZksXj53sQzRV5ZDPsXw
Central Cee,Gen Z Luv,Gen Z Luv,spotify:track:13hJUmR1UpCUzyHjotiImK
KAYTRANADA,Intimidated,Intimidated (feat. H.E.R.),spotify:track:0dFdGPVLs3k0z9ezYWZzUa
